School Name,City,Carnegie Classification Undergraduate Profile,Carnegie Size Setting,Public Average Net Price,Private Average Net Price,"Avg $75,001-$110,000 (Public)","Avg $75,000+ (Public)","Avg $48,001-$75,000 (Public)","Avg $48,001-$75,000 (All)","Avg $30,001-$75,000 (Public)","Avg $30,001-$75,000 (All)","Avg $30,001-$48,000 (Public)","Avg $30,001-$48,000 (All)","Avg $110,000+ (Public)","Avg $110,000+ (All)","Avg $0-$48,000 (Public)","Avg $0-$48,000 (Private)","Avg $0-$30,000 (Public)","Avg $0-$30,000 (Private)"
Alabama A & M University,Normal,10,14,13057.0,0.0,16707.0,17399.0,15508.0,0.0,13424.0,0.0,12300.0,0.0,18857.0,0,12210.0,0.0,12177.0,0.0
University of Alabama at Birmingham,Birmingham,9,15,16585.0,0.0,18230.0,19441.0,16847.0,0.0,16038.0,0.0,15370.0,0.0,20054.0,0,14431.0,0.0,13862.0,0.0
Amridge University,Montgomery,5,6,0.0,0.0,0.0,0.0,0.0,0.0,0.0,0.0,0.0,0.0,0.0,0,0.0,0.0,0.0,0.0
University of Alabama in Huntsville,Huntsville,15,13,17250.0,0.0,19206.0,19333.0,18572.0,0.0,16919.0,0.0,14646.0,0.0,19423.0,0,14651.0,0.0,14654.0,0.0
Alabama State University,Montgomery,10,14,13593.0,0.0,20568.0,21072.0,13992.0,0.0,14127.0,0.0,14170.0,0.0,21938.0,0,13180.0,0.0,12877.0,0.0
The University of Alabama,Tuscaloosa,12,16,21534.0,0.0,23830.0,24553.0,21957.0,0.0,21041.0,0.0,20121.0,0.0,24948.0,0,18883.0,0.0,18338.0,0.0
Central Alabama Community College,Alexander City,1,2,8628.0,0.0,12453.0,12623.0,9837.0,0.0,9227.0,0.0,8734.0,0.0,12845.0,0,7367.0,0.0,6837.0,0.0
Athens State University,Athens,5,9,0.0,0.0,0.0,0.0,0.0,0.0,0.0,0.0,0.0,0.0,0.0,0,0.0,0.0,0.0,0.0
Auburn University at Montgomery,Montgomery,7,13,13689.0,0.0,17249.0,16148.0,15661.0,0.0,14352.0,0.0,13773.0,0.0,15387.0,0,12912.0,0.0,12565.0,0.0
Auburn University,Auburn,14,15,23258.0,0.0,24989.0,26226.0,22379.0,0.0,20987.0,0.0,19313.0,0.0,26836.0,0,17844.0,0.0,16701.0,0.0
Birmingham-Southern College,Birmingham,12,11,0.0,21098.0,0.0,0.0,0.0,17602.0,0.0,17452.0,0.0,17302.0,0.0,0,0.0,17414.0,0.0,17500.0
Chattahoochee Valley Community College,Phenix City,2,2,3557.0,0.0,5658.0,5621.0,5617.0,0.0,3680.0,0.0,2435.0,0.0,5320.0,0,2939.0,0.0,3166.0,0.0
South University-Montgomery,Montgomery,7,6,0.0,18772.0,0.0,0.0,0.0,23107.0,0.0,23107.0,0.0,0.0,0.0,0,0.0,16604.0,0.0,16604.0
Enterprise State Community College,Enterprise,2,2,3214.0,0.0,8043.0,8388.0,4278.0,0.0,2856.0,0.0,2145.0,0.0,8663.0,0,2125.0,0.0,2119.0,0.0
Coastal Alabama Community College,Bay Minette,2,3,6043.0,0.0,11217.0,10638.0,7562.0,0.0,6196.0,0.0,5192.0,0.0,10112.0,0,4793.0,0.0,4659.0,0.0
Faulkner University,Montgomery,7,10,0.0,20371.0,0.0,0.0,0.0,19901.0,0.0,19714.0,0.0,19477.0,0.0,0,0.0,19162.0,0.0,19051.0
Gadsden State Community College,Gadsden,2,3,4239.0,0.0,5566.0,5566.0,6546.0,0.0,5352.0,0.0,4624.0,0.0,0.0,0,3918.0,0.0,3742.0,0.0
New Beginning College of Cosmetology,Albertville,-2,-2,0.0,13520.0,0.0,0.0,0.0,15386.0,0.0,13832.0,0.0,12588.0,0.0,0,0.0,12921.0,0.0,12975.0
George C Wallace Community College-Dothan,Dothan,1,3,1520.0,0.0,0.0,0.0,2477.0,0.0,1440.0,0.0,910.0,0.0,0.0,0,1409.0,0.0,1556.0,0.0
George C Wallace State Community College-Hanceville,Hanceville,2,3,8467.0,0.0,12242.0,12262.0,10475.0,0.0,8854.0,0.0,7803.0,0.0,12292.0,0,7359.0,0.0,7178.0,0.0
George C Wallace State Community College-Selma,Selma,1,2,1912.0,0.0,2485.0,2485.0,4424.0,0.0,2434.0,0.0,2007.0,0.0,0.0,0,1790.0,0.0,1733.0,0.0
Herzing University-Birmingham,Birmingham,5,6,0.0,26887.0,0.0,0.0,0.0,0.0,0.0,25625.0,0.0,25625.0,0.0,0,0.0,26887.0,0.0,27308.0
Huntingdon College,Montgomery,10,8,0.0,23330.0,0.0,0.0,0.0,24665.0,0.0,23084.0,0.0,20339.0,0.0,0,0.0,19872.0,0.0,19670.0
Heritage Christian University,Florence,5,6,0.0,4856.0,0.0,0.0,0.0,0.0,0.0,4856.0,0.0,4856.0,0.0,0,0.0,4856.0,0.0,0.0
J. F. Drake State Community and Technical College,Huntsville,1,1,5609.0,0.0,0.0,0.0,6845.0,0.0,6129.0,0.0,5986.0,0.0,0.0,0,5556.0,0.0,5440.0,0.0
J F Ingram State Technical College,Deatsville,-2,-2,4430.0,0.0,0.0,0.0,0.0,0.0,0.0,0.0,0.0,0.0,0.0,0,4430.0,0.0,4430.0,0.0
Jacksonville State University,Jacksonville,11,13,18336.0,0.0,21862.0,21942.0,20335.0,0.0,18664.0,0.0,17293.0,0.0,22023.0,0,16366.0,0.0,16017.0,0.0
Jefferson State Community College,Birmingham,1,3,9406.0,0.0,12785.0,13678.0,11009.0,0.0,9720.0,0.0,8829.0,0.0,14468.0,0,8197.0,0.0,7947.0,0.0
John C Calhoun State Community College,Tanner,1,3,6604.0,0.0,10049.0,10192.0,8164.0,0.0,6739.0,0.0,5616.0,0.0,10343.0,0,5122.0,0.0,4940.0,0.0
Lawson State Community College,Birmingham,2,2,5820.0,0.0,332.0,332.0,6556.0,0.0,5784.0,0.0,5336.0,0.0,0.0,0,5754.0,0.0,5855.0,0.0
University of West Alabama,Livingston,7,13,16258.0,0.0,18235.0,17582.0,17186.0,0.0,16764.0,0.0,16479.0,0.0,17032.0,0,15414.0,0.0,14938.0,0.0
Lurleen B Wallace Community College,Andalusia,2,2,7116.0,0.0,0.0,0.0,5753.0,0.0,7051.0,0.0,7787.0,0.0,0.0,0,7266.0,0.0,7140.0,0.0
Marion Military Institute,Marion,4,1,12029.0,0.0,14908.0,14546.0,11932.0,0.0,11792.0,0.0,11676.0,0.0,14081.0,0,10719.0,0.0,10081.0,0.0
Miles College,Fairfield,10,11,0.0,14880.0,0.0,0.0,0.0,17921.0,0.0,16197.0,0.0,15434.0,0.0,0,0.0,14443.0,0.0,14181.0
University of Mobile,Mobile,13,11,0.0,18986.0,0.0,0.0,0.0,22093.0,0.0,18900.0,0.0,15600.0,0.0,0,0.0,14829.0,0.0,14325.0
University of Montevallo,Montevallo,11,11,17348.0,0.0,21091.0,21374.0,19582.0,0.0,17923.0,0.0,16120.0,0.0,21633.0,0,14625.0,0.0,13937.0,0.0
Northwest-Shoals Community College,Muscle Shoals,1,2,2595.0,0.0,7616.0,7728.0,4526.0,0.0,2998.0,0.0,1520.0,0.0,7876.0,0,1128.0,0.0,1000.0,0.0
University of North Alabama,Florence,11,13,12631.0,0.0,15356.0,15373.0,12956.0,0.0,11995.0,0.0,10828.0,0.0,15388.0,0,10427.0,0.0,10228.0,0.0
Northeast Alabama Community College,Rainsville,1,2,3232.0,0.0,8414.0,8229.0,6023.0,0.0,4046.0,0.0,2939.0,0.0,7721.0,0,2390.0,0.0,2183.0,0.0
Oakwood University,Huntsville,10,11,0.0,22588.0,0.0,0.0,0.0,22871.0,0.0,21820.0,0.0,20643.0,0.0,0,0.0,20759.0,0.0,20804.0
Reid State Technical College,Evergreen,1,1,186.0,0.0,390.0,390.0,0.0,0.0,112.0,0.0,112.0,0.0,0.0,0,147.0,0.0,159.0,0.0
Bishop State Community College,Mobile,1,2,3163.0,0.0,-3762.0,-3762.0,6673.0,0.0,4031.0,0.0,3040.0,0.0,0.0,0,2980.0,0.0,2967.0,0.0
Samford University,Birmingham,12,14,0.0,30716.0,0.0,0.0,0.0,28936.0,0.0,27154.0,0.0,24416.0,0.0,0,0.0,23132.0,0.0,22382.0
Shelton State Community College,Tuscaloosa,2,3,8017.0,0.0,11618.0,11618.0,9665.0,0.0,9211.0,0.0,8887.0,0.0,0.0,0,7759.0,0.0,7462.0,0.0
Snead State Community College,Boaz,2,2,7179.0,0.0,10306.0,10306.0,8557.0,0.0,7780.0,0.0,7406.0,0.0,0.0,0,6950.0,0.0,6778.0,0.0
University of South Alabama,Mobile,13,16,16223.0,0.0,21560.0,21919.0,17403.0,0.0,15061.0,0.0,12976.0,0.0,22139.0,0,11902.0,0.0,11305.0,0.0
Spring Hill College,Mobile,12,11,0.0,20891.0,0.0,0.0,0.0,20078.0,0.0,16922.0,0.0,13532.0,0.0,0,0.0,14262.0,0.0,14620.0
Stillman College,Tuscaloosa,13,8,0.0,17127.0,0.0,0.0,0.0,20666.0,0.0,18834.0,0.0,17677.0,0.0,0,0.0,15822.0,0.0,15225.0
Talladega College,Talladega,11,11,0.0,13575.0,0.0,0.0,0.0,15556.0,0.0,13875.0,0.0,13035.0,0.0,0,0.0,13087.0,0.0,13099.0
H Councill Trenholm State Community College,Montgomery,2,2,5324.0,0.0,0.0,0.0,7587.0,0.0,5992.0,0.0,5335.0,0.0,0.0,0,5188.0,0.0,5162.0,0.0
Troy University,Troy,7,15,14019.0,0.0,16223.0,15236.0,14999.0,0.0,14037.0,0.0,12921.0,0.0,14597.0,0,12479.0,0.0,12287.0,0.0
Tuskegee University,Tuskegee,10,11,0.0,34926.0,0.0,0.0,0.0,36852.0,0.0,33492.0,0.0,30638.0,0.0,0,0.0,33444.0,0.0,35020.0
United States Sports Academy,Daphne,5,6,0.0,0.0,0.0,0.0,0.0,0.0,0.0,0.0,0.0,0.0,0.0,0,0.0,0.0,0.0,0.0
Bevill State Community College,Jasper,1,2,7087.0,0.0,11916.0,11916.0,9280.0,0.0,8137.0,0.0,7156.0,0.0,0.0,0,6580.0,0.0,6428.0,0.0
University of Alaska Anchorage,Anchorage,5,12,12531.0,0.0,15855.0,16025.0,13311.0,0.0,12183.0,0.0,10832.0,0.0,16132.0,0,9885.0,0.0,9450.0,0.0
Alaska Bible College,Palmer,7,7,0.0,10592.0,0.0,0.0,0.0,11934.0,0.0,10272.0,0.0,6947.0,0.0,0,0.0,9249.0,0.0,11552.0
University of Alaska Fairbanks,Fairbanks,5,12,9684.0,0.0,16373.0,15517.0,9916.0,0.0,8211.0,0.0,5850.0,0.0,14816.0,0,6938.0,0.0,7394.0,0.0
University of Alaska Southeast,Juneau,5,6,7368.0,0.0,0.0,13457.0,9920.0,0.0,6924.0,0.0,4677.0,0.0,13457.0,0,5734.0,0.0,6157.0,0.0
Alaska Pacific University,Anchorage,11,7,0.0,20550.0,0.0,0.0,0.0,19601.0,0.0,20194.0,0.0,20490.0,0.0,0,0.0,20474.0,0.0,20463.0
Alaska Vocational Technical Center,Seward,-2,-2,10337.0,0.0,16448.0,16448.0,0.0,0.0,15131.0,0.0,15131.0,0.0,0.0,0,8590.0,0.0,7500.0,0.0
Charter College,Vancouver,10,9,0.0,25372.0,0.0,0.0,0.0,26778.0,0.0,25506.0,0.0,24709.0,0.0,0,0.0,24561.0,0.0,24509.0
Alaska Career College,Anchorage,4,1,0.0,16351.0,0.0,0.0,0.0,0.0,0.0,16869.0,0.0,16869.0,0.0,0,0.0,16351.0,0.0,16177.0
Empire Beauty School-Tucson,Tucson,-2,-2,0.0,15223.0,0.0,0.0,0.0,18141.0,0.0,15462.0,0.0,13452.0,0.0,0,0.0,14556.0,0.0,14663.0
Carrington College-Phoenix North,Phoenix,4,2,0.0,28423.0,0.0,0.0,0.0,28467.0,0.0,28360.0,0.0,28331.0,0.0,0,0.0,28244.0,0.0,28213.0
Carrington College-Mesa,Mesa,4,2,0.0,42322.0,0.0,0.0,0.0,41995.0,0.0,40920.0,0.0,39845.0,0.0,0,0.0,42376.0,0.0,42883.0
Carrington College-Tucson,Tucson,4,1,0.0,40854.0,0.0,0.0,0.0,42772.0,0.0,42772.0,0.0,42772.0,0.0,0,0.0,39211.0,0.0,38617.0
Arizona Academy of Beauty,Tucson,-2,-2,0.0,11541.0,0.0,0.0,0.0,12159.0,0.0,12284.0,0.0,12534.0,0.0,0,0.0,11294.0,0.0,10984.0
Miller-Motte College-Arizona Automotive Institute,Glendale,-2,-2,0.0,22744.0,0.0,0.0,0.0,23508.0,0.0,22439.0,0.0,21905.0,0.0,0,0.0,22498.0,0.0,22618.0
Brookline College-Phoenix,Phoenix,11,9,0.0,32422.0,0.0,0.0,0.0,0.0,0.0,36627.0,0.0,36627.0,0.0,0,0.0,32422.0,0.0,32057.0
Arizona State University Campus Immersion,Tempe,13,16,12814.0,0.0,18953.0,20167.0,15308.0,0.0,12683.0,0.0,10693.0,0.0,20904.0,0,9506.0,0.0,8920.0,0.0
Arizona Western College,Yuma,1,3,10135.0,0.0,13848.0,13723.0,12163.0,0.0,11055.0,0.0,10371.0,0.0,13598.0,0,9733.0,0.0,9465.0,0.0
University of Arizona,Tucson,13,15,15601.0,0.0,20338.0,21044.0,16773.0,0.0,15312.0,0.0,14027.0,0.0,21455.0,0,12262.0,0.0,11237.0,0.0
Central Arizona College,Coolidge,1,3,5491.0,0.0,10402.0,10402.0,6839.0,0.0,6067.0,0.0,5597.0,0.0,0.0,0,5038.0,0.0,4603.0,0.0
Charles of Italy Beauty College,Lake Havasu City,-2,-2,0.0,9531.0,0.0,0.0,0.0,14582.0,0.0,12203.0,0.0,11410.0,0.0,0,0.0,9080.0,0.0,8748.0
Cochise County Community College District,Sierra Vista,1,2,7124.0,0.0,10019.0,10500.0,9486.0,0.0,8292.0,0.0,7352.0,0.0,12103.0,0,6564.0,0.0,6358.0,0.0
Empire Beauty School-Chandler,Chandler,-2,-2,0.0,16680.0,0.0,0.0,0.0,16063.0,0.0,15820.0,0.0,15699.0,0.0,0,0.0,16397.0,0.0,16513.0
Avalon Institute-Mesa,Mesa,-2,-2,0.0,17354.0,0.0,0.0,0.0,21322.0,0.0,20069.0,0.0,19567.0,0.0,0,0.0,16842.0,0.0,15545.0
Eastern Arizona College,Thatcher,1,3,9776.0,0.0,11533.0,12061.0,10583.0,0.0,10251.0,0.0,9884.0,0.0,14039.0,0,9163.0,0.0,8860.0,0.0
Embry-Riddle Aeronautical University-Prescott,Prescott,12,10,0.0,36270.0,0.0,0.0,0.0,34723.0,0.0,33916.0,0.0,32669.0,0.0,0,0.0,32977.0,0.0,33195.0
The School of Architecture,Paradise Valley,0,18,0.0,0.0,0.0,0.0,0.0,0.0,0.0,0.0,0.0,0.0,0.0,0,0.0,0.0,0.0,0.0
Glendale Community College,Glendale,1,4,9717.0,0.0,12547.0,13112.0,11101.0,0.0,10239.0,0.0,9685.0,0.0,14040.0,0,9030.0,0.0,8698.0,0.0
Grand Canyon University,Phoenix,5,15,0.0,21176.0,0.0,0.0,0.0,21573.0,0.0,20202.0,0.0,18664.0,0.0,0,0.0,18157.0,0.0,17858.0
GateWay Community College,Phoenix,1,3,10356.0,0.0,14578.0,14625.0,12017.0,0.0,10741.0,0.0,10088.0,0.0,14809.0,0,9556.0,0.0,9166.0,0.0
Mesa Community College,Mesa,1,4,10850.0,0.0,14001.0,14274.0,12613.0,0.0,11483.0,0.0,10540.0,0.0,14955.0,0,9996.0,0.0,9784.0,0.0
Mohave Community College,Kingman,1,2,6858.0,0.0,10129.0,10196.0,8502.0,0.0,7145.0,0.0,5110.0,0.0,10296.0,0,5874.0,0.0,6084.0,0.0
Universal Technical Institute of Arizona Inc-Motorcycle Mechanics Institute Division,Avondale,-2,-2,0.0,20683.0,0.0,0.0,0.0,21526.0,0.0,20474.0,0.0,19696.0,0.0,0,0.0,19258.0,0.0,19109.0
Dine College,Tsaile,5,6,10923.0,0.0,0.0,0.0,11571.0,0.0,11384.0,0.0,11275.0,0.0,0.0,0,10829.0,0.0,10680.0,0.0
Northern Arizona University,Flagstaff,11,16,14636.0,0.0,18318.0,19132.0,14736.0,0.0,13271.0,0.0,11662.0,0.0,19688.0,0,11154.0,0.0,10836.0,0.0
Northland Pioneer College,Holbrook,1,2,6123.0,0.0,0.0,0.0,0.0,0.0,6401.0,0.0,6401.0,0.0,0.0,0,6123.0,0.0,6007.0,0.0
Ottawa University-Phoenix,Phoenix,5,6,0.0,0.0,0.0,0.0,0.0,0.0,0.0,0.0,0.0,0.0,0.0,0,0.0,0.0,0.0,0.0
Phoenix College,Phoenix,1,3,10118.0,0.0,13348.0,13675.0,11644.0,0.0,10786.0,0.0,10232.0,0.0,14437.0,0,9709.0,0.0,9522.0,0.0
Pima Community College,Tucson,1,4,3409.0,0.0,7672.0,7997.0,5866.0,0.0,4248.0,0.0,3113.0,0.0,8648.0,0,2433.0,0.0,2113.0,0.0
Pima Medical Institute-Tucson,Tucson,11,9,0.0,0.0,0.0,0.0,0.0,0.0,0.0,0.0,0.0,0.0,0.0,0,0.0,0.0,0.0,0.0
Pima Medical Institute-Albuquerque,Albuquerque,4,2,0.0,21149.0,0.0,0.0,0.0,21390.0,0.0,21499.0,0.0,21634.0,0.0,0,0.0,21138.0,0.0,21121.0
Prescott College,Prescott,9,7,0.0,14226.0,0.0,0.0,0.0,17341.0,0.0,9802.0,0.0,5495.0,0.0,0,0.0,7027.0,0.0,7851.0
Refrigeration School Inc,Phoenix,4,2,0.0,21297.0,0.0,0.0,0.0,22129.0,0.0,20559.0,0.0,19621.0,0.0,0,0.0,20291.0,0.0,20530.0
Rio Salado College,Tempe,1,4,9226.0,0.0,12460.0,13010.0,11727.0,0.0,10090.0,0.0,9334.0,0.0,13285.0,0,8564.0,0.0,8337.0,0.0
Roberto-Venn School of Luthiery,Phoenix,-2,-2,0.0,23078.0,0.0,0.0,0.0,0.0,0.0,0.0,0.0,0.0,0.0,0,0.0,23078.0,0.0,23078.0
Scottsdale Community College,Scottsdale,1,3,11286.0,0.0,14719.0,15077.0,13501.0,0.0,11786.0,0.0,10667.0,0.0,16150.0,0,10381.0,0.0,10279.0,0.0
South Mountain Community College,Phoenix,1,2,10040.0,0.0,13950.0,14072.0,10594.0,0.0,10207.0,0.0,9944.0,0.0,14440.0,0,9605.0,0.0,9486.0,0.0
Arizona Christian University,Glendale,11,8,0.0,31546.0,0.0,0.0,0.0,30212.0,0.0,28831.0,0.0,26332.0,0.0,0,0.0,27256.0,0.0,27563.0
Universal Technical Institute of Arizona Inc,Avondale,4,2,0.0,24917.0,0.0,0.0,0.0,26095.0,0.0,24908.0,0.0,23542.0,0.0,0,0.0,23066.0,0.0,22888.0
Yavapai College,Prescott,1,3,7144.0,0.0,10497.0,10813.0,9040.0,0.0,7744.0,0.0,6673.0,0.0,11129.0,0,6409.0,0.0,6310.0,0.0
University of Arkansas at Little Rock,Little Rock,7,12,15868.0,0.0,19969.0,20070.0,18265.0,0.0,16350.0,0.0,15442.0,0.0,20260.0,0,14459.0,0.0,14093.0,0.0
University of Arkansas for Medical Sciences,Little Rock,7,9,0.0,0.0,0.0,0.0,0.0,0.0,0.0,0.0,0.0,0.0,0.0,0,0.0,0.0,0.0,0.0
Arkansas Baptist College,Little Rock,7,7,0.0,12951.0,0.0,0.0,0.0,9925.0,0.0,11008.0,0.0,11549.0,0.0,0,0.0,13215.0,0.0,13614.0
Arkansas Beauty School-Little Rock,Little Rock,-2,-2,0.0,22946.0,0.0,0.0,0.0,0.0,0.0,0.0,0.0,0.0,0.0,0,0.0,22946.0,0.0,22946.0
Arkansas Beauty College,Russellville,-2,-2,0.0,10913.0,0.0,0.0,0.0,11244.0,0.0,11290.0,0.0,11351.0,0.0,0,0.0,10389.0,0.0,10282.0
Lyon College,Batesville,12,8,0.0,10786.0,0.0,0.0,0.0,12492.0,0.0,9946.0,0.0,8582.0,0.0,0,0.0,8318.0,0.0,8087.0
Arkansas Technical School,North Little Rock,-2,-2,0.0,20417.0,0.0,0.0,0.0,0.0,0.0,0.0,0.0,0.0,0.0,0,0.0,20417.0,0.0,20417.0
Arthur's Beauty College,Fort Smith,-2,-2,0.0,10138.0,0.0,0.0,0.0,0.0,0.0,0.0,0.0,0.0,0.0,0,0.0,10138.0,0.0,10138.0
University of Arkansas,Fayetteville,12,16,14998.0,0.0,18076.0,18707.0,14417.0,0.0,13013.0,0.0,11538.0,0.0,18978.0,0,11141.0,0.0,10914.0,0.0
University of Arkansas at Pine Bluff,Pine Bluff,10,11,10542.0,0.0,13759.0,13268.0,12245.0,0.0,10817.0,0.0,10177.0,0.0,12732.0,0,10149.0,0.0,10141.0,0.0
Arkansas State University-Beebe,Beebe,2,3,9708.0,0.0,13079.0,13343.0,10916.0,0.0,9772.0,0.0,8798.0,0.0,13731.0,0,8784.0,0.0,8778.0,0.0
Arkansas State University,Jonesboro,9,13,13430.0,0.0,16163.0,16560.0,14218.0,0.0,13163.0,0.0,12021.0,0.0,16837.0,0,11158.0,0.0,10730.0,0.0
Arkansas Tech University,Russellville,10,13,12191.0,0.0,14377.0,14444.0,13195.0,0.0,12351.0,0.0,11363.0,0.0,14535.0,0,10921.0,0.0,10738.0,0.0
University of Arkansas at Monticello,Monticello,11,10,12907.0,0.0,15843.0,14838.0,13492.0,0.0,12771.0,0.0,12176.0,0.0,13865.0,0,11695.0,0.0,11509.0,0.0
Baptist Health College Little Rock,Little Rock,4,2,0.0,23271.0,0.0,0.0,0.0,23788.0,0.0,23738.0,0.0,23688.0,0.0,0,0.0,22963.0,0.0,22721.0
Black River Technical College,Pocahontas,2,2,8204.0,0.0,12015.0,12077.0,9450.0,0.0,8708.0,0.0,7893.0,0.0,12817.0,0,7478.0,0.0,7321.0,0.0
University of Central Arkansas,Conway,13,13,14735.0,0.0,17081.0,17265.0,14940.0,0.0,14266.0,0.0,13336.0,0.0,17399.0,0,12720.0,0.0,12358.0,0.0
Central Baptist College,Conway,11,7,0.0,23545.0,0.0,0.0,0.0,24066.0,0.0,22666.0,0.0,20800.0,0.0,0,0.0,20465.0,0.0,20290.0
Cossatot Community College of the University of Arkansas,De Queen,1,2,5172.0,0.0,8342.0,8342.0,7043.0,0.0,6147.0,0.0,5564.0,0.0,0.0,0,4873.0,0.0,4681.0,0.0
Crowley's Ridge College,Paragould,10,8,0.0,15968.0,0.0,0.0,0.0,19283.0,0.0,17592.0,0.0,16516.0,0.0,0,0.0,15125.0,0.0,14429.0
East Arkansas Community College,Forrest City,2,2,7290.0,0.0,8393.0,11605.0,8820.0,0.0,7304.0,0.0,6582.0,0.0,13211.0,0,6970.0,0.0,7091.0,0.0
Eastern College of Health Vocations-Little Rock,Little Rock,-2,-2,0.0,13009.0,0.0,0.0,0.0,0.0,0.0,0.0,0.0,0.0,0.0,0,0.0,13009.0,0.0,13009.0
Paul Mitchell the School-Little Rock,North Little Rock,-2,-2,0.0,22641.0,0.0,0.0,0.0,24113.0,0.0,23024.0,0.0,22343.0,0.0,0,0.0,21542.0,0.0,21338.0
National Park College,Hot Springs,3,2,8759.0,0.0,12934.0,12693.0,10496.0,0.0,9273.0,0.0,8402.0,0.0,12309.0,0,8026.0,0.0,7892.0,0.0
University of Arkansas Community College-Batesville,Batesville,2,2,7884.0,0.0,8906.0,8759.0,8883.0,0.0,8313.0,0.0,7952.0,0.0,8466.0,0,7674.0,0.0,7570.0,0.0
Harding University,Searcy,12,14,0.0,20429.0,0.0,0.0,0.0,18326.0,0.0,18463.0,0.0,18672.0,0.0,0,0.0,16748.0,0.0,15517.0
Henderson State University,Arkadelphia,11,11,16696.0,0.0,19822.0,18716.0,18359.0,0.0,16591.0,0.0,14657.0,0.0,17907.0,0,14863.0,0.0,14948.0,0.0
Hendrix College,Conway,12,11,0.0,10299.0,0.0,0.0,0.0,10343.0,0.0,8947.0,0.0,7103.0,0.0,0,0.0,5450.0,0.0,4004.0
Hot Springs Beauty College,Hot Springs,-2,-2,0.0,12579.0,0.0,0.0,0.0,14583.0,0.0,14583.0,0.0,0.0,0.0,0,0.0,11977.0,0.0,11977.0
Jefferson Regional School of Nursing,Pine Bluff,4,1,0.0,0.0,0.0,0.0,0.0,0.0,0.0,0.0,0.0,0.0,0.0,0,0.0,0.0,0.0,0.0
John Brown University,Siloam Springs,13,11,0.0,18641.0,0.0,0.0,0.0,19525.0,0.0,16168.0,0.0,12391.0,0.0,0,0.0,14676.0,0.0,16289.0
Career Academy of Hair Design,Springdale,-2,-2,0.0,13018.0,0.0,0.0,0.0,14075.0,0.0,13973.0,0.0,13947.0,0.0,0,0.0,12985.0,0.0,12946.0
Academy of Salon and Spa,Fort Smith,-2,-2,0.0,17484.0,0.0,0.0,0.0,18126.0,0.0,18126.0,0.0,0.0,0.0,0,0.0,17163.0,0.0,17163.0
Arkansas State University Mid-South,West Memphis,1,2,8814.0,0.0,14288.0,14288.0,10671.0,0.0,9418.0,0.0,8971.0,0.0,0.0,0,8487.0,0.0,8268.0,0.0
Arkansas Northeastern College,Blytheville,2,2,4117.0,0.0,7016.0,7016.0,5638.0,0.0,4314.0,0.0,3672.0,0.0,0.0,0,3862.0,0.0,3936.0,0.0
New Tyler Barber College Inc,North Little Rock,-2,-2,0.0,11054.0,0.0,0.0,0.0,0.0,0.0,0.0,0.0,0.0,0.0,0,0.0,11054.0,0.0,11054.0
North Arkansas College,Harrison,2,2,9786.0,0.0,15233.0,15292.0,12460.0,0.0,10289.0,0.0,9131.0,0.0,15648.0,0,9113.0,0.0,9108.0,0.0
Northwest Technical Institute,Springdale,-2,-2,12673.0,0.0,15328.0,15328.0,12485.0,0.0,11863.0,0.0,11387.0,0.0,0.0,0,12639.0,0.0,12956.0,0.0
Ouachita Baptist University,Arkadelphia,12,11,0.0,20847.0,0.0,0.0,0.0,18203.0,0.0,17848.0,0.0,17155.0,0.0,0,0.0,17061.0,0.0,17009.0
Arkansas State University Three Rivers,Malvern,1,2,3716.0,0.0,8823.0,8823.0,8043.0,0.0,4978.0,0.0,2295.0,0.0,0.0,0,2574.0,0.0,2671.0,0.0
Ozarka College,Melbourne,2,2,4901.0,0.0,9150.0,9150.0,6270.0,0.0,5420.0,0.0,4751.0,0.0,0.0,0,4593.0,0.0,4563.0,0.0
University of the Ozarks,Clarksville,10,8,0.0,14486.0,0.0,0.0,0.0,14747.0,0.0,13358.0,0.0,11969.0,0.0,0,0.0,11128.0,0.0,10708.0
University of Arkansas Community College-Morrilton,Morrilton,2,2,7391.0,0.0,10143.0,10531.0,9380.0,0.0,7937.0,0.0,6554.0,0.0,12469.0,0,6465.0,0.0,6427.0,0.0
Philander Smith College,Little Rock,11,8,0.0,14847.0,0.0,0.0,0.0,15410.0,0.0,14215.0,0.0,13695.0,0.0,0,0.0,14449.0,0.0,14843.0
Phillips Community College of the University of Arkansas,Helena,2,2,4078.0,0.0,7456.0,7861.0,6359.0,0.0,4857.0,0.0,3856.0,0.0,8266.0,0,3337.0,0.0,3164.0,0.0
Southeast Arkansas College,Pine Bluff,1,2,7662.0,0.0,13136.0,12258.0,8929.0,0.0,7997.0,0.0,7531.0,0.0,11673.0,0,7025.0,0.0,6829.0,0.0
Professional Cosmetology Education Center,El Dorado,-2,-2,0.0,10398.0,0.0,0.0,0.0,0.0,0.0,0.0,0.0,0.0,0.0,0,0.0,10398.0,0.0,10398.0
University of Arkansas-Pulaski Technical College,North Little Rock,2,3,12959.0,0.0,16632.0,16741.0,14539.0,0.0,13262.0,0.0,12446.0,0.0,17055.0,0,12018.0,0.0,11862.0,0.0
University of Arkansas Hope-Texarkana,Hope,2,2,6084.0,0.0,6692.0,6692.0,8001.0,0.0,6737.0,0.0,5556.0,0.0,0.0,0,5721.0,0.0,5759.0,0.0
University of Arkansas Community College Rich Mountain,Mena,2,2,4926.0,0.0,8224.0,8224.0,6882.0,0.0,5549.0,0.0,4493.0,0.0,0.0,0,4468.0,0.0,4461.0,0.0
Paul Mitchell the School-Arkansas,Fayetteville,-2,-2,0.0,13482.0,0.0,0.0,0.0,14384.0,0.0,13641.0,0.0,12402.0,0.0,0,0.0,11155.0,0.0,10844.0
Searcy Beauty College,Searcy,-2,-2,0.0,12385.0,0.0,0.0,0.0,0.0,0.0,0.0,0.0,0.0,0.0,0,0.0,12385.0,0.0,12385.0
Shorter College,N Little Rock,3,1,0.0,13760.0,0.0,0.0,0.0,0.0,0.0,14215.0,0.0,14215.0,0.0,0,0.0,13760.0,0.0,13736.0
Williams Baptist University,Walnut Ridge,11,8,0.0,15664.0,0.0,0.0,0.0,15461.0,0.0,15095.0,0.0,14631.0,0.0,0,0.0,14361.0,0.0,14242.0
South Arkansas Community College,El Dorado,2,2,7312.0,0.0,0.0,0.0,0.0,0.0,0.0,0.0,0.0,0.0,0.0,0,7312.0,0.0,7312.0,0.0
Southern Arkansas University Main Campus,Magnolia,10,14,15873.0,0.0,17522.0,17694.0,16153.0,0.0,15706.0,0.0,15388.0,0.0,17894.0,0,14906.0,0.0,14660.0,0.0
Southern Arkansas University Tech,Camden,3,2,7639.0,0.0,10253.0,11937.0,10075.0,0.0,8038.0,0.0,7153.0,0.0,14463.0,0,6694.0,0.0,6546.0,0.0
Velvatex College of Beauty Culture,Little Rock,-2,-2,0.0,4058.0,0.0,0.0,0.0,0.0,0.0,0.0,0.0,0.0,0.0,0,0.0,4058.0,0.0,4058.0
University of Arkansas-Fort Smith,Fort Smith,7,12,9336.0,0.0,9823.0,10537.0,10902.0,0.0,9681.0,0.0,7809.0,0.0,11263.0,0,7808.0,0.0,7807.0,0.0
Academy of Art University,San Francisco,5,12,0.0,32736.0,0.0,0.0,0.0,30020.0,0.0,31969.0,0.0,33783.0,0.0,0,0.0,31439.0,0.0,30453.0
Academy of Chinese Culture and Health Sciences,Oakland,0,18,0.0,0.0,0.0,0.0,0.0,0.0,0.0,0.0,0.0,0.0,0.0,0,0.0,0.0,0.0,0.0
College of Alameda,Alameda,1,3,7530.0,0.0,0.0,0.0,10372.0,0.0,8914.0,0.0,8128.0,0.0,0.0,0,6961.0,0.0,6271.0,0.0
Allan Hancock College,Santa Maria,1,4,3234.0,0.0,6847.0,6847.0,5656.0,0.0,3720.0,0.0,2568.0,0.0,0.0,0,2676.0,0.0,2725.0,0.0
American Academy of Dramatic Arts-Los Angeles,Los Angeles,-2,-2,0.0,31278.0,0.0,0.0,0.0,33615.0,0.0,31214.0,0.0,30014.0,0.0,0,0.0,28445.0,0.0,27399.0
Berkeley School of Theology,Berkeley,0,18,0.0,0.0,0.0,0.0,0.0,0.0,0.0,0.0,0.0,0.0,0.0,0,0.0,0.0,0.0,0.0
American Film Institute Conservatory,Los Angeles,0,18,0.0,0.0,0.0,0.0,0.0,0.0,0.0,0.0,0.0,0.0,0.0,0,0.0,0.0,0.0,0.0
American Beauty College,West Covina,-2,-2,0.0,13970.0,0.0,0.0,0.0,14222.0,0.0,13211.0,0.0,11694.0,0.0,0,0.0,11082.0,0.0,9857.0
American Career College-Los Angeles,Los Angeles,4,2,0.0,27741.0,0.0,0.0,0.0,29575.0,0.0,27859.0,0.0,26935.0,0.0,0,0.0,26883.0,0.0,26857.0
American Conservatory Theater,San Francisco,0,18,0.0,0.0,0.0,0.0,0.0,0.0,0.0,0.0,0.0,0.0,0.0,0,0.0,0.0,0.0,0.0
American River College,Sacramento,1,5,6039.0,0.0,9949.0,9949.0,8436.0,0.0,6819.0,0.0,5678.0,0.0,0.0,0,5462.0,0.0,5384.0,0.0
Antelope Valley Community College District,Lancaster,5,12,3524.0,0.0,7146.0,7376.0,4734.0,0.0,3868.0,0.0,3323.0,0.0,10375.0,0,3185.0,0.0,3130.0,0.0
Art Center College of Design,Pasadena,13,9,0.0,46201.0,0.0,0.0,0.0,45302.0,0.0,42786.0,0.0,38669.0,0.0,0,0.0,39053.0,0.0,39264.0
Associated Technical College-Los Angeles,Los Angeles,-2,-2,0.0,22635.0,0.0,0.0,0.0,0.0,0.0,27268.0,0.0,27268.0,0.0,0,0.0,22635.0,0.0,22606.0
Associated Technical College-San Diego,San Diego,-2,-2,0.0,21620.0,0.0,0.0,0.0,0.0,0.0,0.0,0.0,0.0,0.0,0,0.0,21620.0,0.0,21620.0
Azusa Pacific University,Azusa,11,14,0.0,24811.0,0.0,0.0,0.0,24581.0,0.0,23242.0,0.0,22082.0,0.0,0,0.0,21099.0,0.0,20622.0
Bakersfield College,Bakersfield,5,15,5223.0,0.0,10333.0,10333.0,7033.0,0.0,5843.0,0.0,5239.0,0.0,0.0,0,4879.0,0.0,4755.0,0.0
Barstow Community College,Barstow,2,2,9250.0,0.0,14017.0,14017.0,13710.0,0.0,10656.0,0.0,9056.0,0.0,0.0,0,8608.0,0.0,8497.0,0.0
Bellus Academy-Chula Vista,Chula Vista,-2,-2,0.0,18547.0,0.0,0.0,0.0,18088.0,0.0,18121.0,0.0,18188.0,0.0,0,0.0,18587.0,0.0,18605.0
Bethesda University,Anaheim,11,6,0.0,14383.0,0.0,0.0,0.0,0.0,0.0,9523.0,0.0,9523.0,0.0,0,0.0,12835.0,0.0,14307.0
Biola University,La Mirada,13,14,0.0,27161.0,0.0,0.0,0.0,24398.0,0.0,22520.0,0.0,19825.0,0.0,0,0.0,20147.0,0.0,20352.0
Brownson Technical School,Anaheim,-2,-2,0.0,29894.0,0.0,0.0,0.0,30622.0,0.0,29694.0,0.0,29272.0,0.0,0,0.0,29190.0,0.0,29160.0
Bryan University,Tempe,11,9,0.0,18059.0,0.0,0.0,0.0,19173.0,0.0,18256.0,0.0,17720.0,0.0,0,0.0,17658.0,0.0,17635.0
Butte College,Oroville,2,4,7473.0,0.0,12121.0,11786.0,9407.0,0.0,8239.0,0.0,7448.0,0.0,6090.0,0,6888.0,0.0,6652.0,0.0
California Institute of Integral Studies,San Francisco,11,9,0.0,0.0,0.0,0.0,0.0,0.0,0.0,0.0,0.0,0.0,0.0,0,0.0,0.0,0.0,0.0
Cabrillo College,Aptos,1,4,12456.0,0.0,17029.0,17941.0,15360.0,0.0,13706.0,0.0,12637.0,0.0,20676.0,0,11643.0,0.0,11067.0,0.0
California Baptist University,Riverside,11,13,0.0,21812.0,0.0,0.0,0.0,20593.0,0.0,19624.0,0.0,18585.0,0.0,0,0.0,17879.0,0.0,17485.0
California College of the Arts,San Francisco,11,11,0.0,31566.0,0.0,0.0,0.0,32387.0,0.0,30206.0,0.0,26851.0,0.0,0,0.0,26234.0,0.0,25813.0
University of California-Hastings College of Law,San Francisco,0,18,0.0,0.0,0.0,0.0,0.0,0.0,0.0,0.0,0.0,0.0,0.0,0,0.0,0.0,0.0,0.0
California Institute of Technology,Pasadena,14,11,0.0,29279.0,0.0,0.0,0.0,4404.0,0.0,3004.0,0.0,1371.0,0.0,0,0.0,7236.0,0.0,10755.0
California Lutheran University,Thousand Oaks,13,14,0.0,21442.0,0.0,0.0,0.0,16432.0,0.0,15979.0,0.0,15566.0,0.0,0,0.0,15636.0,0.0,15688.0
California Polytechnic State University-San Luis Obispo,San Luis Obispo,14,16,20633.0,0.0,22753.0,26634.0,17778.0,0.0,15406.0,0.0,12855.0,0.0,27750.0,0,12307.0,0.0,11885.0,0.0
Alliant International University-San Diego,San Diego,5,9,0.0,0.0,0.0,0.0,0.0,0.0,0.0,0.0,0.0,0.0,0.0,0,0.0,0.0,0.0,0.0
California State University-Bakersfield,Bakersfield,13,15,6821.0,0.0,13221.0,14391.0,8140.0,0.0,6491.0,0.0,5388.0,0.0,16439.0,0,4960.0,0.0,4682.0,0.0
California State University-Stanislaus,Turlock,11,12,6041.0,0.0,12119.0,13910.0,7911.0,0.0,5889.0,0.0,4296.0,0.0,15397.0,0,4057.0,0.0,3903.0,0.0
California State University-San Bernardino,San Bernardino,11,15,2232.0,0.0,8098.0,9882.0,3851.0,0.0,2202.0,0.0,901.0,0.0,12041.0,0,605.0,0.0,428.0,0.0
California State Polytechnic University-Pomona,Pomona,11,15,11740.0,0.0,17263.0,19263.0,12831.0,0.0,10828.0,0.0,9215.0,0.0,20591.0,0,8655.0,0.0,8327.0,0.0
California State University-Chico,Chico,11,15,13384.0,0.0,18339.0,20421.0,14098.0,0.0,12125.0,0.0,10320.0,0.0,21364.0,0,9665.0,0.0,9295.0,0.0
California State University-Dominguez Hills,Carson,7,15,3724.0,0.0,10525.0,11872.0,5782.0,0.0,3883.0,0.0,2736.0,0.0,13171.0,0,2643.0,0.0,2603.0,0.0
California State University-Fresno,Fresno,11,15,5640.0,0.0,12066.0,13892.0,7450.0,0.0,5608.0,0.0,4477.0,0.0,15673.0,0,4029.0,0.0,3762.0,0.0
California State University-Fullerton,Fullerton,11,15,4211.0,0.0,9445.0,11747.0,5767.0,0.0,4066.0,0.0,2681.0,0.0,13038.0,0,1414.0,0.0,705.0,0.0
California State University-East Bay,Hayward,13,15,11327.0,0.0,17502.0,19112.0,13673.0,0.0,11654.0,0.0,9593.0,0.0,20312.0,0,8850.0,0.0,8493.0,0.0
California State University-Long Beach,Long Beach,13,15,8338.0,0.0,13337.0,15611.0,9317.0,0.0,7572.0,0.0,6128.0,0.0,17475.0,0,5669.0,0.0,5399.0,0.0
California State University-Los Angeles,Los Angeles,11,15,2037.0,0.0,8609.0,10150.0,4258.0,0.0,2420.0,0.0,1316.0,0.0,12133.0,0,823.0,0.0,577.0,0.0
California State University-Northridge,Northridge,11,15,7944.0,0.0,14421.0,16354.0,9851.0,0.0,7975.0,0.0,6756.0,0.0,18242.0,0,6145.0,0.0,5873.0,0.0
California State University-Sacramento,Sacramento,11,15,6654.0,0.0,12593.0,14603.0,8026.0,0.0,6296.0,0.0,4796.0,0.0,16240.0,0,4221.0,0.0,3878.0,0.0
University of California-Berkeley,Berkeley,15,16,15240.0,0.0,21217.0,28676.0,14407.0,0.0,12359.0,0.0,10880.0,0.0,33136.0,0,10073.0,0.0,9594.0,0.0
University of California-Davis,Davis,15,16,14920.0,0.0,17020.0,25076.0,14150.0,0.0,12486.0,0.0,11011.0,0.0,29336.0,0,10219.0,0.0,9739.0,0.0
University of California-Irvine,Irvine,15,16,9691.0,0.0,16780.0,21566.0,10078.0,0.0,8378.0,0.0,7006.0,0.0,25567.0,0,6352.0,0.0,5924.0,0.0
University of California-Los Angeles,Los Angeles,15,17,11627.0,0.0,16341.0,22645.0,10217.0,0.0,8924.0,0.0,7882.0,0.0,25628.0,0,7180.0,0.0,6772.0,0.0
University of California-Riverside,Riverside,13,16,13233.0,0.0,18844.0,23780.0,13190.0,0.0,11558.0,0.0,10344.0,0.0,27184.0,0,9423.0,0.0,8849.0,0.0
University of California-San Diego,La Jolla,15,17,14895.0,0.0,20125.0,25696.0,13744.0,0.0,11955.0,0.0,10192.0,0.0,28952.0,0,8782.0,0.0,7954.0,0.0
University of California-San Francisco,San Francisco,0,18,0.0,0.0,0.0,0.0,0.0,0.0,0.0,0.0,0.0,0.0,0.0,0,0.0,0.0,0.0,0.0
University of California-Santa Barbara,Santa Barbara,15,16,15458.0,0.0,20565.0,27973.0,14720.0,0.0,13381.0,0.0,12305.0,0.0,30833.0,0,11459.0,0.0,11022.0,0.0
University of California-Santa Cruz,Santa Cruz,15,17,18828.0,0.0,23778.0,30354.0,17375.0,0.0,15686.0,0.0,14379.0,0.0,33865.0,0,13736.0,0.0,13340.0,0.0
Sofia University,Palo Alto,7,6,0.0,0.0,0.0,0.0,0.0,0.0,0.0,0.0,0.0,0.0,0.0,0,0.0,0.0,0.0,0.0
California Beauty School,Modesto,-2,-2,0.0,21016.0,0.0,0.0,0.0,0.0,0.0,0.0,0.0,0.0,0.0,0,0.0,21016.0,0.0,21016.0
California Christian College,Fresno,7,7,0.0,0.0,0.0,0.0,0.0,0.0,0.0,0.0,0.0,0.0,0.0,0,0.0,0.0,0.0,0.0
Haven University,Garden Grove,11,6,0.0,0.0,0.0,0.0,0.0,0.0,0.0,0.0,0.0,0.0,0.0,0,0.0,0.0,0.0,0.0
California Hair Design Academy,La Mesa,-2,-2,0.0,21111.0,0.0,0.0,0.0,0.0,0.0,0.0,0.0,0.0,0.0,0,0.0,21111.0,0.0,21111.0
California Institute of the Arts,Valencia,15,11,0.0,46083.0,0.0,0.0,0.0,42525.0,0.0,36114.0,0.0,31840.0,0.0,0,0.0,31970.0,0.0,32125.0
California State University Maritime Academy,Vallejo,11,8,18133.0,0.0,18995.0,22486.0,15859.0,0.0,13457.0,0.0,10896.0,0.0,23764.0,0,11441.0,0.0,11953.0,0.0
California Western School of Law,San Diego,0,18,0.0,0.0,0.0,0.0,0.0,0.0,0.0,0.0,0.0,0.0,0.0,0,0.0,0.0,0.0,0.0
Canada College,Redwood City,1,3,3643.0,0.0,5438.0,5438.0,5994.0,0.0,5118.0,0.0,2710.0,0.0,0.0,0,2724.0,0.0,2726.0,0.0
College of the Canyons,Santa Clarita,1,5,3251.0,0.0,6913.0,7349.0,6180.0,0.0,4065.0,0.0,2938.0,0.0,11273.0,0,2664.0,0.0,2541.0,0.0
Career Academy of Beauty,Garden Grove,-2,-2,0.0,10959.0,0.0,0.0,0.0,10871.0,0.0,10871.0,0.0,0.0,0.0,0,0.0,9371.0,0.0,9371.0
Casa Loma College-Los Angeles,Sherman Oaks,4,1,0.0,23560.0,0.0,0.0,0.0,24214.0,0.0,25517.0,0.0,28123.0,0.0,0,0.0,22534.0,0.0,20298.0
CET-San Diego,San Diego,-2,-2,0.0,18989.0,0.0,0.0,0.0,22891.0,0.0,19636.0,0.0,18334.0,0.0,0,0.0,18346.0,0.0,18350.0
CET-San Jose,San Jose,-2,-2,0.0,15629.0,0.0,0.0,0.0,14022.0,0.0,14895.0,0.0,16059.0,0.0,0,0.0,15405.0,0.0,15282.0
CET-El Centro,El Centro,-2,-2,0.0,16855.0,0.0,0.0,0.0,0.0,0.0,16556.0,0.0,16556.0,0.0,0,0.0,16855.0,0.0,17005.0
CET-Colton,Colton,-2,-2,0.0,18141.0,0.0,0.0,0.0,19219.0,0.0,19006.0,0.0,18686.0,0.0,0,0.0,17926.0,0.0,17809.0
CET-Watsonville,Watsonville,-2,-2,0.0,13556.0,0.0,0.0,0.0,0.0,0.0,16556.0,0.0,16556.0,0.0,0,0.0,13556.0,0.0,13181.0
CET-Salinas,Salinas,-2,-2,0.0,5417.0,0.0,0.0,0.0,1712.0,0.0,1052.0,0.0,886.0,0.0,0,0.0,5586.0,0.0,6630.0
Cerritos College,Norwalk,2,5,5797.0,0.0,10570.0,10941.0,8228.0,0.0,6549.0,0.0,5432.0,0.0,12427.0,0,5130.0,0.0,5003.0,0.0
Cerro Coso Community College,Ridgecrest,1,3,8891.0,0.0,13530.0,15364.0,10822.0,0.0,8505.0,0.0,7241.0,0.0,16281.0,0,8186.0,0.0,8501.0,0.0
Chabot College,Hayward,1,4,5814.0,0.0,9221.0,9221.0,7843.0,0.0,6829.0,0.0,6087.0,0.0,0.0,0,5267.0,0.0,4905.0,0.0
Chaffey College,Rancho Cucamonga,1,5,9977.0,0.0,16357.0,15952.0,12750.0,0.0,11069.0,0.0,9875.0,0.0,14536.0,0,9326.0,0.0,9127.0,0.0
Chapman University,Orange,14,14,0.0,39047.0,0.0,0.0,0.0,32462.0,0.0,30585.0,0.0,27427.0,0.0,0,0.0,28716.0,0.0,29234.0
Charles R Drew University of Medicine and Science,Los Angeles,9,6,0.0,25852.0,0.0,0.0,0.0,21749.0,0.0,25451.0,0.0,25980.0,0.0,0,0.0,25594.0,0.0,25349.0
Concordia University-Irvine,Irvine,13,14,0.0,24483.0,0.0,0.0,0.0,21900.0,0.0,20267.0,0.0,18513.0,0.0,0,0.0,18025.0,0.0,17726.0
San Diego Christian College,Spring Valley,11,7,0.0,34359.0,0.0,0.0,0.0,36669.0,0.0,33537.0,0.0,31031.0,0.0,0,0.0,32011.0,0.0,32388.0
Church Divinity School of the Pacific,Berkeley,0,18,0.0,0.0,0.0,0.0,0.0,0.0,0.0,0.0,0.0,0.0,0.0,0,0.0,0.0,0.0,0.0
Citrus College,Glendora,1,4,5321.0,0.0,10122.0,10210.0,8140.0,0.0,6229.0,0.0,5075.0,0.0,10474.0,0,4699.0,0.0,4537.0,0.0
Citrus Heights Beauty College,Citrus Heights,-2,-2,0.0,16192.0,0.0,0.0,0.0,17253.0,0.0,16512.0,0.0,16089.0,0.0,0,0.0,15219.0,0.0,14898.0
City College of San Francisco,San Francisco,1,5,5498.0,0.0,11627.0,12136.0,8169.0,0.0,6021.0,0.0,4793.0,0.0,14677.0,0,4927.0,0.0,4975.0,0.0
Claremont Graduate University,Claremont,0,18,0.0,0.0,0.0,0.0,0.0,0.0,0.0,0.0,0.0,0.0,0.0,0,0.0,0.0,0.0,0.0
Claremont McKenna College,Claremont,14,11,0.0,20114.0,0.0,0.0,0.0,12545.0,0.0,10960.0,0.0,9160.0,0.0,0,0.0,4420.0,0.0,249.0
Milan Institute-Visalia,Visalia,-2,-2,0.0,21292.0,0.0,0.0,0.0,23464.0,0.0,22174.0,0.0,21449.0,0.0,0,0.0,20854.0,0.0,20739.0
Clovis Adult Education,Clovis,-2,-2,16891.0,0.0,0.0,0.0,0.0,0.0,16891.0,0.0,16891.0,0.0,0.0,0,16891.0,0.0,0.0,0.0
Coastline Community College,Fountain Valley,1,3,6210.0,0.0,0.0,0.0,9963.0,0.0,7855.0,0.0,6801.0,0.0,0.0,0,5942.0,0.0,5799.0,0.0
University of Silicon Valley,San Jose,15,7,0.0,24405.0,0.0,0.0,0.0,29334.0,0.0,23324.0,0.0,17314.0,0.0,0,0.0,20908.0,0.0,22345.0
Coba Academy,Anaheim,-2,-2,0.0,15767.0,0.0,0.0,0.0,16176.0,0.0,16004.0,0.0,15918.0,0.0,0,0.0,15733.0,0.0,15698.0
Western University of Health Sciences,Pomona,0,18,0.0,0.0,0.0,0.0,0.0,0.0,0.0,0.0,0.0,0.0,0.0,0,0.0,0.0,0.0,0.0
Columbia College,Sonora,1,2,5836.0,0.0,11375.0,11375.0,7811.0,0.0,7160.0,0.0,6805.0,0.0,0.0,0,5401.0,0.0,4869.0,0.0
Columbia College Hollywood,Tarzana,11,6,0.0,27452.0,0.0,0.0,0.0,30164.0,0.0,28347.0,0.0,26530.0,0.0,0,0.0,26911.0,0.0,26993.0
Compton College,Compton,1,3,9126.0,0.0,14739.0,14739.0,9937.0,0.0,8668.0,0.0,8337.0,0.0,0.0,0,8874.0,0.0,9176.0,0.0
Contra Costa College,San Pablo,1,3,4649.0,0.0,10239.0,10239.0,6019.0,0.0,5455.0,0.0,5107.0,0.0,0.0,0,4337.0,0.0,4086.0,0.0
Cosumnes River College,Sacramento,1,4,5137.0,0.0,9665.0,9665.0,7289.0,0.0,6373.0,0.0,5613.0,0.0,0.0,0,4537.0,0.0,4182.0,0.0
Crafton Hills College,Yucaipa,1,3,18140.0,0.0,22887.0,22887.0,20906.0,0.0,19225.0,0.0,18249.0,0.0,0.0,0,17451.0,0.0,17027.0,0.0
Cuesta College,San Luis Obispo,1,4,11004.0,0.0,15819.0,16597.0,13526.0,0.0,11673.0,0.0,9722.0,0.0,18153.0,0,10004.0,0.0,10087.0,0.0
Cuyamaca College,El Cajon,1,3,5222.0,0.0,11921.0,12867.0,7387.0,0.0,5711.0,0.0,4569.0,0.0,13183.0,0,4826.0,0.0,4867.0,0.0
Cypress College,Cypress,5,12,5852.0,0.0,10532.0,10558.0,8849.0,0.0,6901.0,0.0,5498.0,0.0,11161.0,0,5004.0,0.0,4798.0,0.0
De Anza College,Cupertino,2,5,4740.0,0.0,9541.0,10075.0,7169.0,0.0,5688.0,0.0,4709.0,0.0,11296.0,0,4014.0,0.0,3694.0,0.0
International School of Beauty Inc,Palm Desert,-2,-2,0.0,14169.0,0.0,0.0,0.0,0.0,0.0,12862.0,0.0,12862.0,0.0,0,0.0,13111.0,0.0,13153.0
Dell'Arte International School of Physical Theatre,Blue Lake,0,18,0.0,0.0,0.0,0.0,0.0,0.0,0.0,0.0,0.0,0.0,0.0,0,0.0,0.0,0.0,0.0
College of the Desert,Palm Desert,1,4,11343.0,0.0,15344.0,15679.0,14078.0,0.0,12254.0,0.0,11205.0,0.0,18021.0,0,10840.0,0.0,10699.0,0.0
Design Institute of San Diego,San Diego,7,6,0.0,34713.0,0.0,0.0,0.0,0.0,0.0,33004.0,0.0,33004.0,0.0,0,0.0,33004.0,0.0,0.0
Diablo Valley College,Pleasant Hill,1,5,5637.0,0.0,10201.0,10201.0,7873.0,0.0,6197.0,0.0,5018.0,0.0,0.0,0,5113.0,0.0,5148.0,0.0
Dominican University of California,San Rafael,13,10,0.0,44990.0,0.0,0.0,0.0,46774.0,0.0,45204.0,0.0,42979.0,0.0,0,0.0,42543.0,0.0,42087.0
Dominican School of Philosophy & Theology,Berkeley,0,18,0.0,0.0,0.0,0.0,0.0,0.0,0.0,0.0,0.0,0.0,0.0,0,0.0,0.0,0.0,0.0
East Los Angeles College,Monterey Park,1,5,10278.0,0.0,15586.0,15586.0,12875.0,0.0,10973.0,0.0,9996.0,0.0,0.0,0,9809.0,0.0,9744.0,0.0
El Camino Community College District,Torrance,1,5,11022.0,0.0,16099.0,16099.0,14066.0,0.0,11991.0,0.0,10568.0,0.0,0.0,0,10306.0,0.0,10204.0,0.0
Emperor's College of Traditional Oriental Medicine,Santa Monica,0,18,0.0,0.0,0.0,0.0,0.0,0.0,0.0,0.0,0.0,0.0,0.0,0,0.0,0.0,0.0,0.0
Empire College,Santa Rosa,3,9,0.0,0.0,0.0,0.0,0.0,0.0,0.0,0.0,0.0,0.0,0.0,0,0.0,0.0,0.0,0.0
Evergreen Valley College,San Jose,1,3,11409.0,0.0,17505.0,17505.0,15296.0,0.0,12822.0,0.0,11775.0,0.0,0.0,0,10702.0,0.0,10161.0,0.0
FIDM-Fashion Institute of Design & Merchandising,Los Angeles,15,9,0.0,41595.0,0.0,0.0,0.0,42657.0,0.0,40398.0,0.0,38265.0,0.0,0,0.0,37932.0,0.0,37735.0
Feather River Community College District,Quincy,5,6,9326.0,0.0,0.0,16172.0,13089.0,0.0,10296.0,0.0,8434.0,0.0,16172.0,0,8074.0,0.0,7886.0,0.0
Federico Beauty Institute,Sacramento,-2,-2,0.0,20893.0,0.0,0.0,0.0,21998.0,0.0,21381.0,0.0,20354.0,0.0,0,0.0,19965.0,0.0,19907.0
Fielding Graduate University,Santa Barbara,0,18,0.0,0.0,0.0,0.0,0.0,0.0,0.0,0.0,0.0,0.0,0.0,0,0.0,0.0,0.0,0.0
Five Branches University,Santa Cruz,0,18,0.0,0.0,0.0,0.0,0.0,0.0,0.0,0.0,0.0,0.0,0.0,0,0.0,0.0,0.0,0.0
Redondo Beach Beauty College,Torrance,-2,-2,0.0,0.0,0.0,0.0,0.0,0.0,0.0,0.0,0.0,0.0,0.0,0,0.0,0.0,0.0,0.0
Foothill College,Los Altos Hills,5,12,7286.0,0.0,11541.0,11541.0,10777.0,0.0,8222.0,0.0,7214.0,0.0,0.0,0,6672.0,0.0,6458.0,0.0
Franciscan School of Theology,San Diego,0,18,0.0,0.0,0.0,0.0,0.0,0.0,0.0,0.0,0.0,0.0,0.0,0,0.0,0.0,0.0,0.0
Fredrick and Charles Beauty College,Eureka,-2,-2,0.0,12890.0,0.0,0.0,0.0,10985.0,0.0,12310.0,0.0,13636.0,0.0,0,0.0,13102.0,0.0,13035.0
Fresno City College,Fresno,1,5,4201.0,0.0,9615.0,9615.0,7139.0,0.0,5047.0,0.0,3838.0,0.0,0.0,0,3597.0,0.0,3512.0,0.0
Fresno Pacific University,Fresno,11,12,0.0,11531.0,0.0,0.0,0.0,11275.0,0.0,11001.0,0.0,10736.0,0.0,0,0.0,12100.0,0.0,13105.0
Fuller Theological Seminary,Pasadena,0,18,0.0,0.0,0.0,0.0,0.0,0.0,0.0,0.0,0.0,0.0,0.0,0,0.0,0.0,0.0,0.0
Fullerton College,Fullerton,1,5,9765.0,0.0,13891.0,14007.0,11890.0,0.0,10863.0,0.0,9985.0,0.0,15508.0,0,9053.0,0.0,8663.0,0.0
Gavilan College,Gilroy,1,3,6161.0,0.0,9577.0,8864.0,8861.0,0.0,7342.0,0.0,6559.0,0.0,6015.0,0,5595.0,0.0,5154.0,0.0
Gemological Institute of America-Carlsbad,Carlsbad,-2,-2,0.0,30209.0,0.0,0.0,0.0,36255.0,0.0,36255.0,0.0,0.0,0.0,0,0.0,30624.0,0.0,30624.0
Glendale Career College,Glendale,4,2,0.0,42707.0,0.0,0.0,0.0,43819.0,0.0,43211.0,0.0,42327.0,0.0,0,0.0,41477.0,0.0,41243.0
Golden Gate University,San Francisco,7,9,0.0,0.0,0.0,0.0,0.0,0.0,0.0,0.0,0.0,0.0,0.0,0,0.0,0.0,0.0,0.0
Golden West College,Huntington Beach,1,4,3809.0,0.0,7532.0,7532.0,6429.0,0.0,4720.0,0.0,3515.0,0.0,0.0,0,3287.0,0.0,3213.0,0.0
Graduate Theological Union,Berkeley,0,18,0.0,0.0,0.0,0.0,0.0,0.0,0.0,0.0,0.0,0.0,0.0,0,0.0,0.0,0.0,0.0
Grossmont College,El Cajon,1,4,3377.0,0.0,7371.0,7371.0,5853.0,0.0,4308.0,0.0,3370.0,0.0,0.0,0,2888.0,0.0,2715.0,0.0
Salon Success Academy-Riverside,Riverside,-2,-2,0.0,11813.0,0.0,0.0,0.0,0.0,0.0,0.0,0.0,0.0,0.0,0,0.0,11232.0,0.0,11232.0
Hartnell College,Salinas,1,4,4209.0,0.0,8824.0,8824.0,6740.0,0.0,4757.0,0.0,3531.0,0.0,0.0,0,3620.0,0.0,3666.0,0.0
Harvey Mudd College,Claremont,14,8,0.0,30026.0,0.0,0.0,0.0,18616.0,0.0,16890.0,0.0,11711.0,0.0,0,0.0,19903.0,0.0,21439.0
Hilltop Beauty School,Daly City,-2,-2,0.0,16066.0,0.0,0.0,0.0,15822.0,0.0,15822.0,0.0,15822.0,0.0,0,0.0,16110.0,0.0,16218.0
Holy Names University,Oakland,11,8,0.0,20437.0,0.0,0.0,0.0,19652.0,0.0,18538.0,0.0,17530.0,0.0,0,0.0,16725.0,0.0,16302.0
Pacifica Graduate Institute,Carpinteria,0,18,0.0,0.0,0.0,0.0,0.0,0.0,0.0,0.0,0.0,0.0,0.0,0,0.0,0.0,0.0,0.0
California State Polytechnic University-Humboldt,Arcata,11,13,13335.0,0.0,19758.0,21655.0,15111.0,0.0,12407.0,0.0,10466.0,0.0,22583.0,0,10000.0,0.0,9695.0,0.0
Humphreys University-Stockton and Modesto Campuses,Stockton,5,6,0.0,8502.0,0.0,0.0,0.0,9141.0,0.0,8413.0,0.0,7686.0,0.0,0,0.0,8289.0,0.0,8591.0
Imperial Valley College,Imperial,2,3,1234.0,0.0,8299.0,7347.0,4080.0,0.0,2095.0,0.0,866.0,0.0,2587.0,0,665.0,0.0,589.0,0.0
Institute for Business and Technology,Santa Clara,4,2,0.0,27890.0,0.0,0.0,0.0,29623.0,0.0,28190.0,0.0,27053.0,0.0,0,0.0,26678.0,0.0,26528.0
Interior Designers Institute,Newport Beach,5,6,0.0,0.0,0.0,0.0,0.0,0.0,0.0,0.0,0.0,0.0,0.0,0,0.0,0.0,0.0,0.0
International School of Cosmetology,Los Angeles,-2,-2,0.0,20831.0,0.0,0.0,0.0,0.0,0.0,21996.0,0.0,21996.0,0.0,0,0.0,20831.0,0.0,20248.0
Irvine Valley College,Irvine,1,4,1627.0,0.0,5385.0,5385.0,4586.0,0.0,2821.0,0.0,1485.0,0.0,0.0,0,896.0,0.0,657.0,0.0
Bellus Academy-El Cajon,El Cajon,-2,-2,0.0,21088.0,0.0,0.0,0.0,0.0,0.0,0.0,0.0,0.0,0.0,0,0.0,21088.0,0.0,21088.0
American Jewish University,Los Angeles,11,8,0.0,0.0,0.0,0.0,0.0,0.0,0.0,0.0,0.0,0.0,0.0,0,0.0,0.0,0.0,0.0
Reedley College,Reedley,1,3,4213.0,0.0,9601.0,9601.0,7532.0,0.0,5015.0,0.0,3704.0,0.0,0.0,0,3488.0,0.0,3394.0,0.0
Life Pacific University,San Dimas,11,8,0.0,24055.0,0.0,0.0,0.0,21145.0,0.0,19941.0,0.0,18616.0,0.0,0,0.0,22034.0,0.0,24475.0
University of La Verne,La Verne,7,12,0.0,21605.0,0.0,0.0,0.0,35528.0,0.0,29623.0,0.0,23718.0,0.0,0,0.0,21536.0,0.0,21532.0
Laguna College of Art and Design,Laguna Beach,11,6,0.0,40893.0,0.0,0.0,0.0,41865.0,0.0,42857.0,0.0,46331.0,0.0,0,0.0,41576.0,0.0,41016.0
Lake Tahoe Community College,South Lake Tahoe,1,2,4146.0,0.0,7253.0,7253.0,7871.0,0.0,6296.0,0.0,3144.0,0.0,0.0,0,3724.0,0.0,3748.0,0.0
Lancaster Beauty School,Lancaster,-2,-2,0.0,17358.0,0.0,0.0,0.0,0.0,0.0,19490.0,0.0,19490.0,0.0,0,0.0,17816.0,0.0,17258.0
Laney College,Oakland,1,3,13729.0,0.0,18843.0,18843.0,17439.0,0.0,13411.0,0.0,13102.0,0.0,0.0,0,13556.0,0.0,13711.0,0.0
Lassen Community College,Susanville,1,2,8379.0,0.0,0.0,0.0,13202.0,0.0,13202.0,0.0,0.0,0.0,0.0,0,7414.0,0.0,7414.0,0.0
Latin American Bible Institute,La Puente,9,7,0.0,6516.0,0.0,0.0,0.0,0.0,0.0,5005.0,0.0,5005.0,0.0,0,0.0,5005.0,0.0,0.0
Life Chiropractic College West,Hayward,0,18,0.0,0.0,0.0,0.0,0.0,0.0,0.0,0.0,0.0,0.0,0.0,0,0.0,0.0,0.0,0.0
Lincoln University,Oakland,11,6,0.0,14128.0,0.0,0.0,0.0,0.0,0.0,0.0,0.0,0.0,0.0,0,0.0,14128.0,0.0,14128.0
Southern California Seminary,El Cajon,5,6,0.0,0.0,0.0,0.0,0.0,0.0,0.0,0.0,0.0,0.0,0.0,0,0.0,0.0,0.0,0.0
La Sierra University,Riverside,11,11,0.0,23480.0,0.0,0.0,0.0,22271.0,0.0,21570.0,0.0,20608.0,0.0,0,0.0,20797.0,0.0,20907.0
Loma Linda University,Loma Linda,11,14,0.0,0.0,0.0,0.0,0.0,0.0,0.0,0.0,0.0,0.0,0.0,0,0.0,0.0,0.0,0.0
Long Beach City College,Long Beach,2,5,4301.0,0.0,6472.0,6303.0,5876.0,0.0,5003.0,0.0,4336.0,0.0,5018.0,0,3912.0,0.0,3759.0,0.0
Southern California University of Health Sciences,Whittier,5,6,0.0,0.0,0.0,0.0,0.0,0.0,0.0,0.0,0.0,0.0,0.0,0,0.0,0.0,0.0,0.0
Los Angeles Harbor College,Wilmington,1,3,10895.0,0.0,16094.0,16094.0,12938.0,0.0,11595.0,0.0,10870.0,0.0,0.0,0,10391.0,0.0,10175.0,0.0
Los Angeles Pierce College,Woodland Hills,1,4,11378.0,0.0,16232.0,16232.0,14135.0,0.0,12334.0,0.0,11298.0,0.0,0.0,0,10835.0,0.0,10654.0,0.0
Los Angeles Southwest College,Los Angeles,1,3,5853.0,0.0,0.0,0.0,9990.0,0.0,6848.0,0.0,4603.0,0.0,0.0,0,5439.0,0.0,5575.0,0.0
Los Angeles Trade Technical College,Los Angeles,1,4,8181.0,0.0,10283.0,10283.0,9943.0,0.0,8660.0,0.0,8115.0,0.0,0.0,0,7987.0,0.0,7946.0,0.0
Los Angeles Valley College,Valley Glen,1,4,9622.0,0.0,14800.0,14800.0,12482.0,0.0,10480.0,0.0,9211.0,0.0,0.0,0,9072.0,0.0,9025.0,0.0
The Master's University and Seminary,Santa Clarita,8,10,0.0,29357.0,0.0,0.0,0.0,24222.0,0.0,23550.0,0.0,22523.0,0.0,0,0.0,25843.0,0.0,28366.0
Los Angeles City College,Los Angeles,1,4,9186.0,0.0,14328.0,14919.0,11562.0,0.0,10031.0,0.0,9088.0,0.0,16099.0,0,8834.0,0.0,8769.0,0.0
Los Angeles County College of Nursing and Allied Health,Los Angeles,1,1,0.0,0.0,0.0,0.0,0.0,0.0,0.0,0.0,0.0,0.0,0.0,0,0.0,0.0,0.0,0.0
Los Angeles Mission College,Sylmar,1,3,10630.0,0.0,16050.0,16050.0,13085.0,0.0,11764.0,0.0,10368.0,0.0,0.0,0,9872.0,0.0,9684.0,0.0
Los Medanos College,Pittsburg,1,3,4323.0,0.0,8688.0,8688.0,6177.0,0.0,4858.0,0.0,3824.0,0.0,0.0,0,3751.0,0.0,3725.0,0.0
Loyola Marymount University,Los Angeles,15,14,0.0,34580.0,0.0,0.0,0.0,31532.0,0.0,27166.0,0.0,22329.0,0.0,0,0.0,26517.0,0.0,28383.0
Lu Ross Academy,Ventura,-2,-2,0.0,13455.0,0.0,0.0,0.0,13008.0,0.0,12995.0,0.0,12988.0,0.0,0,0.0,13055.0,0.0,13066.0
Lyle's College of Beauty,Bakersfield,-2,-2,0.0,19392.0,0.0,0.0,0.0,0.0,0.0,19367.0,0.0,19367.0,0.0,0,0.0,19392.0,0.0,19442.0
Lyle's College of  Beauty,Fresno,-2,-2,0.0,16446.0,0.0,0.0,0.0,16330.0,0.0,16988.0,0.0,17207.0,0.0,0,0.0,16463.0,0.0,15904.0
Lytles Redwood Empire Beauty College,Santa Rosa,-2,-2,0.0,15698.0,0.0,0.0,0.0,19446.0,0.0,19446.0,0.0,0.0,0.0,0,0.0,15163.0,0.0,15163.0
MTI College,Sacramento,4,1,0.0,19643.0,0.0,0.0,0.0,20958.0,0.0,19751.0,0.0,18434.0,0.0,0,0.0,18809.0,0.0,18962.0
College of Marin,Kentfield,1,3,4937.0,0.0,0.0,0.0,9533.0,0.0,6090.0,0.0,5646.0,0.0,0.0,0,4658.0,0.0,3783.0,0.0
Marymount California University,Rancho Palos Verdes,11,8,0.0,29910.0,0.0,0.0,0.0,32859.0,0.0,31397.0,0.0,30057.0,0.0,0,0.0,27966.0,0.0,26875.0
Mendocino College,Ukiah,1,2,6382.0,0.0,0.0,0.0,8845.0,0.0,6252.0,0.0,3659.0,0.0,0.0,0,5889.0,0.0,6446.0,0.0
Menlo College,Atherton,13,8,0.0,32915.0,0.0,0.0,0.0,32747.0,0.0,30159.0,0.0,25846.0,0.0,0,0.0,27243.0,0.0,27767.0
Merced College,Merced,2,4,11546.0,0.0,17716.0,17716.0,14398.0,0.0,12495.0,0.0,11123.0,0.0,0.0,0,10939.0,0.0,10868.0,0.0
Merritt College,Oakland,1,3,13626.0,0.0,0.0,0.0,15552.0,0.0,14973.0,0.0,13235.0,0.0,0.0,0,13181.0,0.0,13177.0,0.0
Mills College,Oakland,13,8,0.0,22037.0,0.0,0.0,0.0,18187.0,0.0,18857.0,0.0,19393.0,0.0,0,0.0,16475.0,0.0,14854.0
MiraCosta College,Oceanside,5,12,4318.0,0.0,9428.0,9428.0,7086.0,0.0,5335.0,0.0,3876.0,0.0,0.0,0,3412.0,0.0,3215.0,0.0
Mission College,Santa Clara,1,3,3821.0,0.0,9575.0,9575.0,7588.0,0.0,4812.0,0.0,2760.0,0.0,0.0,0,2864.0,0.0,2907.0,0.0
Modern Beauty Academy,Oxnard,-2,-2,0.0,11914.0,0.0,0.0,0.0,0.0,0.0,11622.0,0.0,11622.0,0.0,0,0.0,11914.0,0.0,11963.0
Modesto Junior College,Modesto,5,12,10480.0,0.0,15960.0,15960.0,13365.0,0.0,11940.0,0.0,10571.0,0.0,0.0,0,9604.0,0.0,9284.0,0.0
Moler Barber College,Oakland,-2,-2,0.0,23565.0,0.0,0.0,0.0,0.0,0.0,23611.0,0.0,23611.0,0.0,0,0.0,23565.0,0.0,23563.0
Middlebury Institute of International Studies at Monterey,Monterey,11,6,0.0,0.0,0.0,0.0,0.0,0.0,0.0,0.0,0.0,0.0,0.0,0,0.0,0.0,0.0,0.0
Monterey Peninsula College,Monterey,1,3,10602.0,0.0,14350.0,14117.0,12923.0,0.0,11464.0,0.0,10207.0,0.0,13416.0,0,9887.0,0.0,9776.0,0.0
Moorpark College,Moorpark,1,4,1247.0,0.0,6399.0,6399.0,3685.0,0.0,2145.0,0.0,811.0,0.0,0.0,0,256.0,0.0,14.0,0.0
Mt San Antonio College,Walnut,1,5,3605.0,0.0,8349.0,8496.0,6599.0,0.0,4567.0,0.0,3327.0,0.0,9965.0,0,2900.0,0.0,2703.0,0.0
Mount Saint Mary's University,Los Angeles,7,10,0.0,35184.0,0.0,0.0,0.0,45215.0,0.0,45331.0,0.0,45431.0,0.0,0,0.0,30218.0,0.0,21376.0
Mt San Jacinto Community College District,San Jacinto,1,4,4519.0,0.0,9279.0,9279.0,7222.0,0.0,5603.0,0.0,4483.0,0.0,0.0,0,3797.0,0.0,3545.0,0.0
Musicians Institute,Hollywood,9,6,0.0,36228.0,0.0,0.0,0.0,37987.0,0.0,35736.0,0.0,34836.0,0.0,0,0.0,34760.0,0.0,34735.0
Napa Valley College,Napa,2,3,12814.0,0.0,16738.0,16738.0,15165.0,0.0,13013.0,0.0,11744.0,0.0,0.0,0,12161.0,0.0,12381.0,0.0
National Holistic Institute,Emeryville,-2,-2,0.0,29570.0,0.0,0.0,0.0,32320.0,0.0,30759.0,0.0,29771.0,0.0,0,0.0,28835.0,0.0,28652.0
National University,San Diego,5,15,0.0,12231.0,0.0,0.0,0.0,12231.0,0.0,12231.0,0.0,0.0,0.0,0,0.0,12231.0,0.0,12231.0
Naval Postgraduate School,Monterey,0,18,0.0,0.0,0.0,0.0,0.0,0.0,0.0,0.0,0.0,0.0,0.0,0,0.0,0.0,0.0,0.0
Newschool of Architecture and Design,San Diego,11,6,0.0,48752.0,0.0,0.0,0.0,49801.0,0.0,49068.0,0.0,48793.0,0.0,0,0.0,48289.0,0.0,47922.0
North Adrian's College of Beauty Inc,Modesto,-2,-2,0.0,19911.0,0.0,0.0,0.0,21985.0,0.0,21638.0,0.0,21368.0,0.0,0,0.0,19441.0,0.0,19056.0
North-West College-Pomona,Pomona,-2,-2,0.0,37073.0,0.0,0.0,0.0,38161.0,0.0,37448.0,0.0,37057.0,0.0,0,0.0,36697.0,0.0,36585.0
North-West College-West Covina,West Covina,4,2,0.0,25852.0,0.0,0.0,0.0,27743.0,0.0,27095.0,0.0,26448.0,0.0,0,0.0,25523.0,0.0,25409.0
North-West College-Van Nuys,Van Nuys,-2,-2,0.0,27630.0,0.0,0.0,0.0,28165.0,0.0,27787.0,0.0,27483.0,0.0,0,0.0,27025.0,0.0,26801.0
San Francisco Bay University,Fremont,14,8,0.0,0.0,0.0,0.0,0.0,0.0,0.0,0.0,0.0,0.0,0.0,0,0.0,0.0,0.0,0.0
Notre Dame de Namur University,Belmont,6,7,0.0,0.0,0.0,0.0,0.0,0.0,0.0,0.0,0.0,0.0,0.0,0,0.0,0.0,0.0,0.0
Occidental College,Los Angeles,14,11,0.0,29663.0,0.0,0.0,0.0,14770.0,0.0,14082.0,0.0,13285.0,0.0,0,0.0,13654.0,0.0,13983.0
Ohlone College,Fremont,1,4,8387.0,0.0,13871.0,13871.0,11220.0,0.0,9667.0,0.0,8424.0,0.0,0.0,0,7422.0,0.0,6967.0,0.0
Orange Coast College,Costa Mesa,1,5,4384.0,0.0,9655.0,9948.0,6865.0,0.0,5434.0,0.0,4534.0,0.0,10645.0,0,3673.0,0.0,3320.0,0.0
Otis College of Art and Design,Los Angeles,11,10,0.0,40888.0,0.0,0.0,0.0,42578.0,0.0,40389.0,0.0,37228.0,0.0,0,0.0,36043.0,0.0,35397.0
Oxnard College,Oxnard,1,3,1104.0,0.0,6671.0,6671.0,3026.0,0.0,1520.0,0.0,292.0,0.0,0.0,0,291.0,0.0,291.0,0.0
Hope International University,Fullerton,11,10,0.0,18248.0,0.0,0.0,0.0,18768.0,0.0,17392.0,0.0,15404.0,0.0,0,0.0,12954.0,0.0,11576.0
Concorde Career College-San Diego,San Diego,4,2,0.0,23202.0,0.0,0.0,0.0,24492.0,0.0,23841.0,0.0,23414.0,0.0,0,0.0,22787.0,0.0,22625.0
Palo Alto University,Palo Alto,11,6,0.0,0.0,0.0,0.0,0.0,0.0,0.0,0.0,0.0,0.0,0.0,0,0.0,0.0,0.0,0.0
Pacific Oaks College,Pasadena,5,6,0.0,0.0,0.0,0.0,0.0,0.0,0.0,0.0,0.0,0.0,0.0,0,0.0,0.0,0.0,0.0
Pacific School of Religion,Berkeley,0,18,0.0,0.0,0.0,0.0,0.0,0.0,0.0,0.0,0.0,0.0,0.0,0,0.0,0.0,0.0,0.0
Pacific States University,Los Angeles,11,6,0.0,0.0,0.0,0.0,0.0,0.0,0.0,0.0,0.0,0.0,0.0,0,0.0,0.0,0.0,0.0
Pacific Union College,Angwin,11,8,0.0,21770.0,0.0,0.0,0.0,19496.0,0.0,20267.0,0.0,20928.0,0.0,0,0.0,20281.0,0.0,19892.0
University of the Pacific,Stockton,13,14,0.0,17874.0,0.0,0.0,0.0,14620.0,0.0,13980.0,0.0,13200.0,0.0,0,0.0,11465.0,0.0,10439.0
Palo Verde College,Blythe,1,2,9560.0,0.0,0.0,0.0,0.0,0.0,12295.0,0.0,12295.0,0.0,0.0,0,9560.0,0.0,9169.0,0.0
Palomar College,San Marcos,1,5,3807.0,0.0,8698.0,8046.0,6149.0,0.0,4782.0,0.0,3593.0,0.0,5440.0,0,3021.0,0.0,2775.0,0.0
Pasadena City College,Pasadena,1,5,3800.0,0.0,9241.0,9249.0,6469.0,0.0,4773.0,0.0,3697.0,0.0,9277.0,0,3176.0,0.0,2960.0,0.0
Pepperdine University,Malibu,14,14,0.0,35167.0,0.0,0.0,0.0,27667.0,0.0,27094.0,0.0,26285.0,0.0,0,0.0,27607.0,0.0,28304.0
Pitzer College,Claremont,14,8,0.0,18206.0,0.0,0.0,0.0,3023.0,0.0,4000.0,0.0,4759.0,0.0,0,0.0,2344.0,0.0,985.0
Platt College-San Diego,San Diego,11,6,0.0,29885.0,0.0,0.0,0.0,29529.0,0.0,28800.0,0.0,26614.0,0.0,0,0.0,27365.0,0.0,27616.0
Point Loma Nazarene University,San Diego,9,13,0.0,33537.0,0.0,0.0,0.0,30973.0,0.0,29933.0,0.0,28776.0,0.0,0,0.0,28106.0,0.0,27503.0
Pomona College,Claremont,14,11,0.0,9170.0,0.0,0.0,0.0,5830.0,0.0,4693.0,0.0,3508.0,0.0,0,0.0,2872.0,0.0,2285.0
Porterville College,Porterville,1,3,3988.0,0.0,0.0,0.0,4816.0,0.0,4882.0,0.0,4917.0,0.0,0.0,0,3867.0,0.0,3470.0,0.0
Professional Institute of Beauty,El Monte,-2,-2,0.0,17270.0,0.0,0.0,0.0,0.0,0.0,0.0,0.0,0.0,0.0,0,0.0,17270.0,0.0,17270.0
Santa Ana College,Santa Ana,5,12,3358.0,0.0,8195.0,8195.0,5735.0,0.0,4025.0,0.0,2851.0,0.0,0.0,0,2724.0,0.0,2664.0,0.0
Pardee RAND Graduate School,Santa Monica,0,18,0.0,0.0,0.0,0.0,0.0,0.0,0.0,0.0,0.0,0.0,0.0,0,0.0,0.0,0.0,0.0
Shasta School of Cosmetology,Redding,-2,-2,0.0,11533.0,0.0,0.0,0.0,0.0,0.0,0.0,0.0,0.0,0.0,0,0.0,11533.0,0.0,11533.0
University of Redlands,Redlands,12,14,0.0,20152.0,0.0,0.0,0.0,15260.0,0.0,14211.0,0.0,12984.0,0.0,0,0.0,13501.0,0.0,13981.0
College of the Redwoods,Eureka,1,3,4534.0,0.0,0.0,0.0,6211.0,0.0,5423.0,0.0,4958.0,0.0,0.0,0,4244.0,0.0,3948.0,0.0
Salon Success Academy-Upland,Upland,-2,-2,0.0,14616.0,0.0,0.0,0.0,15561.0,0.0,14944.0,0.0,14327.0,0.0,0,0.0,13979.0,0.0,13905.0
Salon Success Academy-Corona,Corona,-2,-2,0.0,13975.0,0.0,0.0,0.0,16166.0,0.0,14434.0,0.0,12703.0,0.0,0,0.0,12621.0,0.0,12611.0
Rio Hondo College,Whittier,5,12,5461.0,0.0,9989.0,9989.0,7936.0,0.0,6372.0,0.0,5390.0,0.0,0.0,0,5014.0,0.0,4872.0,0.0
Riverside City College,Riverside,1,5,4838.0,0.0,9280.0,9394.0,7235.0,0.0,5695.0,0.0,4598.0,0.0,10570.0,0,4160.0,0.0,3985.0,0.0
Dongguk University Los Angeles,Los Angeles,0,18,0.0,0.0,0.0,0.0,0.0,0.0,0.0,0.0,0.0,0.0,0.0,0,0.0,0.0,0.0,0.0
Sacramento City College,Sacramento,1,4,5507.0,0.0,10043.0,10459.0,7989.0,0.0,6626.0,0.0,5686.0,0.0,12400.0,0,4827.0,0.0,4481.0,0.0
Saddleback College,Mission Viejo,1,5,5379.0,0.0,9222.0,10066.0,8351.0,0.0,6621.0,0.0,5842.0,0.0,13443.0,0,4859.0,0.0,4496.0,0.0
Samuel Merritt University,Oakland,7,9,0.0,0.0,0.0,0.0,0.0,0.0,0.0,0.0,0.0,0.0,0.0,0,0.0,0.0,0.0,0.0
San Diego City College,San Diego,1,4,6485.0,0.0,10421.0,10879.0,9931.0,0.0,7276.0,0.0,5860.0,0.0,12254.0,0,5978.0,0.0,6013.0,0.0
San Diego Mesa College,San Diego,5,12,4893.0,0.0,9707.0,9707.0,7951.0,0.0,5780.0,0.0,4030.0,0.0,0.0,0,4151.0,0.0,4192.0,0.0
San Diego Miramar College,San Diego,1,4,4730.0,0.0,8737.0,8737.0,7743.0,0.0,5807.0,0.0,3593.0,0.0,0.0,0,3811.0,0.0,3884.0,0.0
San Diego State University,San Diego,13,15,6488.0,0.0,11030.0,13773.0,6993.0,0.0,4691.0,0.0,2563.0,0.0,14882.0,0,1631.0,0.0,1133.0,0.0
University of San Diego,San Diego,13,13,0.0,28071.0,0.0,0.0,0.0,20063.0,0.0,18354.0,0.0,16333.0,0.0,0,0.0,15689.0,0.0,15011.0
San Francisco Art Institute,San Francisco,5,6,0.0,0.0,0.0,0.0,0.0,0.0,0.0,0.0,0.0,0.0,0.0,0,0.0,0.0,0.0,0.0
San Francisco Conservatory of Music,San Francisco,14,8,0.0,33949.0,0.0,0.0,0.0,27850.0,0.0,26497.0,0.0,23792.0,0.0,0,0.0,27014.0,0.0,27416.0
San Francisco State University,San Francisco,11,15,12590.0,0.0,18359.0,20201.0,14231.0,0.0,12232.0,0.0,10722.0,0.0,21953.0,0,9870.0,0.0,9302.0,0.0
University of San Francisco,San Francisco,15,13,0.0,37768.0,0.0,0.0,0.0,34881.0,0.0,33002.0,0.0,30787.0,0.0,0,0.0,30434.0,0.0,30235.0
San Joaquin College of Law,Clovis,0,18,0.0,0.0,0.0,0.0,0.0,0.0,0.0,0.0,0.0,0.0,0.0,0,0.0,0.0,0.0,0.0
San Joaquin Delta College,Stockton,2,5,13760.0,0.0,17287.0,17094.0,16180.0,0.0,14659.0,0.0,13408.0,0.0,12444.0,0,13025.0,0.0,12869.0,0.0
San Joaquin Valley College-Visalia,Visalia,11,9,0.0,25530.0,0.0,0.0,0.0,27579.0,0.0,25859.0,0.0,24999.0,0.0,0,0.0,25242.0,0.0,25276.0
San Joaquin Valley College-Bakersfield,Bakersfield,4,2,0.0,22090.0,0.0,0.0,0.0,22433.0,0.0,22364.0,0.0,22295.0,0.0,0,0.0,21256.0,0.0,20478.0
William Jessup University,Rocklin,13,10,0.0,27799.0,0.0,0.0,0.0,23558.0,0.0,22818.0,0.0,21971.0,0.0,0,0.0,25915.0,0.0,27887.0
San Jose City College,San Jose,1,3,14194.0,0.0,18944.0,18944.0,15883.0,0.0,14755.0,0.0,14261.0,0.0,0.0,0,13830.0,0.0,13596.0,0.0
San Jose State University,San Jose,11,15,13874.0,0.0,18441.0,20894.0,14761.0,0.0,13241.0,0.0,11547.0,0.0,22648.0,0,10733.0,0.0,10225.0,0.0
College of San Mateo,San Mateo,1,3,984.0,0.0,5385.0,5385.0,1834.0,0.0,1014.0,0.0,193.0,0.0,0.0,0,398.0,0.0,503.0,0.0
Santa Barbara Business College-Bakersfield,Bakersfield,11,6,0.0,0.0,0.0,0.0,0.0,0.0,0.0,0.0,0.0,0.0,0.0,0,0.0,0.0,0.0,0.0
Santa Barbara City College,Santa Barbara,2,4,11391.0,0.0,16368.0,17373.0,13518.0,0.0,11814.0,0.0,10505.0,0.0,18441.0,0,10049.0,0.0,9854.0,0.0
Santa Clara University,Santa Clara,14,14,0.0,43228.0,0.0,0.0,0.0,27484.0,0.0,27588.0,0.0,27708.0,0.0,0,0.0,24933.0,0.0,23618.0
Santa Monica College,Santa Monica,5,15,3305.0,0.0,7474.0,7474.0,6143.0,0.0,3898.0,0.0,2997.0,0.0,0.0,0,2920.0,0.0,2889.0,0.0
Santa Rosa Junior College,Santa Rosa,1,4,6987.0,0.0,10173.0,10173.0,9782.0,0.0,7801.0,0.0,6087.0,0.0,0.0,0,6145.0,0.0,6170.0,0.0
Saybrook University,Pasadena,0,18,0.0,0.0,0.0,0.0,0.0,0.0,0.0,0.0,0.0,0.0,0.0,0,0.0,0.0,0.0,0.0
Scripps College,Claremont,14,8,0.0,39142.0,0.0,0.0,0.0,27584.0,0.0,25914.0,0.0,20904.0,0.0,0,0.0,18766.0,0.0,17911.0
College of the Sequoias,Visalia,2,4,3417.0,0.0,8149.0,8149.0,5682.0,0.0,3956.0,0.0,3042.0,0.0,0.0,0,2944.0,0.0,2899.0,0.0
Shasta Bible College and Graduate School,Redding,5,6,0.0,19274.0,0.0,0.0,0.0,0.0,0.0,17064.0,0.0,17064.0,0.0,0,0.0,17064.0,0.0,0.0
Shasta College,Redding,5,12,5322.0,0.0,7653.0,7653.0,8256.0,0.0,6825.0,0.0,5659.0,0.0,0.0,0,4754.0,0.0,4526.0,0.0
Sierra College,Rocklin,1,5,2599.0,0.0,7424.0,7330.0,5296.0,0.0,3817.0,0.0,2745.0,0.0,6453.0,0,1619.0,0.0,1101.0,0.0
Sierra College of Beauty,Merced,-2,-2,0.0,8449.0,0.0,0.0,0.0,0.0,0.0,9610.0,0.0,9610.0,0.0,0,0.0,8449.0,0.0,7484.0
Trinity Law School,Santa Ana,0,18,0.0,0.0,0.0,0.0,0.0,0.0,0.0,0.0,0.0,0.0,0.0,0,0.0,0.0,0.0,0.0
Simpson University,Redding,7,7,0.0,25093.0,0.0,0.0,0.0,26873.0,0.0,24683.0,0.0,22249.0,0.0,0,0.0,18399.0,0.0,15249.0
College of the Siskiyous,Weed,2,2,9566.0,0.0,15560.0,15775.0,10300.0,0.0,9866.0,0.0,9618.0,0.0,16204.0,0,8704.0,0.0,8348.0,0.0
Charles A Jones Career and Education Center,Sacramento,-2,-2,13166.0,0.0,0.0,0.0,0.0,0.0,13171.0,0.0,13171.0,0.0,0.0,0,13166.0,0.0,13163.0,0.0
Skyline College,San Bruno,5,12,2838.0,0.0,5694.0,5694.0,3911.0,0.0,3462.0,0.0,2705.0,0.0,0.0,0,2269.0,0.0,2114.0,0.0
San Bernardino Valley College,San Bernardino,1,4,6831.0,0.0,11285.0,11285.0,9211.0,0.0,7363.0,0.0,6410.0,0.0,0.0,0,6406.0,0.0,6404.0,0.0
Saint Mary's College of California,Moraga,13,14,0.0,22620.0,0.0,0.0,0.0,18017.0,0.0,14872.0,0.0,11968.0,0.0,0,0.0,12674.0,0.0,13329.0
Solano Community College,Fairfield,5,12,1790.0,0.0,4297.0,4297.0,5164.0,0.0,2852.0,0.0,878.0,0.0,0.0,0,791.0,0.0,748.0,0.0
Sonoma State University,Rohnert Park,11,13,6230.0,0.0,11238.0,13535.0,7447.0,0.0,5092.0,0.0,3117.0,0.0,14869.0,0,2323.0,0.0,1831.0,0.0
South Baylo University,Anaheim,0,18,0.0,0.0,0.0,0.0,0.0,0.0,0.0,0.0,0.0,0.0,0.0,0,0.0,0.0,0.0,0.0
South Coast College,Orange,3,1,0.0,13061.0,0.0,0.0,0.0,18316.0,0.0,15053.0,0.0,11791.0,0.0,0,0.0,10433.0,0.0,9076.0
Vanguard University of Southern California,Costa Mesa,10,11,0.0,20181.0,0.0,0.0,0.0,19233.0,0.0,17889.0,0.0,16337.0,0.0,0,0.0,15698.0,0.0,15315.0
Concorde Career College-Garden Grove,Garden Grove,3,2,0.0,20872.0,0.0,0.0,0.0,21616.0,0.0,21717.0,0.0,21845.0,0.0,0,0.0,20330.0,0.0,20009.0
Southwestern College,Chula Vista,1,5,4530.0,0.0,9013.0,9013.0,7131.0,0.0,5369.0,0.0,4452.0,0.0,0.0,0,3927.0,0.0,3657.0,0.0
Starr King School for the Ministry,Oakland,0,18,0.0,0.0,0.0,0.0,0.0,0.0,0.0,0.0,0.0,0.0,0.0,0,0.0,0.0,0.0,0.0
Marshall B Ketchum University,Fullerton,0,18,0.0,0.0,0.0,0.0,0.0,0.0,0.0,0.0,0.0,0.0,0.0,0,0.0,0.0,0.0,0.0
Southern California Institute of Architecture,Los Angeles,13,6,0.0,34522.0,0.0,0.0,0.0,0.0,0.0,41928.0,0.0,41928.0,0.0,0,0.0,34522.0,0.0,23413.0
University of Southern California,Los Angeles,15,16,0.0,25972.0,0.0,0.0,0.0,18626.0,0.0,15736.0,0.0,12875.0,0.0,0,0.0,12572.0,0.0,12404.0
Southwestern Law School,Los Angeles,0,18,0.0,0.0,0.0,0.0,0.0,0.0,0.0,0.0,0.0,0.0,0.0,0,0.0,0.0,0.0,0.0
Taft College,Taft,1,2,6605.0,0.0,12879.0,12879.0,8188.0,0.0,6813.0,0.0,6224.0,0.0,0.0,0,6268.0,0.0,6286.0,0.0
Claremont School of Theology,Claremont,0,18,0.0,0.0,0.0,0.0,0.0,0.0,0.0,0.0,0.0,0.0,0.0,0,0.0,0.0,0.0,0.0
Thomas Aquinas College,Santa Paula,14,8,0.0,26228.0,0.0,0.0,0.0,19332.0,0.0,20332.0,0.0,22666.0,0.0,0,0.0,18697.0,0.0,17507.0
Epic Bible College & Graduate School,Sacramento,-2,-2,0.0,0.0,0.0,0.0,0.0,0.0,0.0,0.0,0.0,0.0,0.0,0,0.0,0.0,0.0,0.0
UEI College-Huntington Park,Huntington Park,-2,-2,0.0,26843.0,0.0,0.0,0.0,28301.0,0.0,27030.0,0.0,26652.0,0.0,0,0.0,26727.0,0.0,26738.0
Concorde Career College-San Bernardino,San Bernardino,4,2,0.0,22888.0,0.0,0.0,0.0,23734.0,0.0,23531.0,0.0,23447.0,0.0,0,0.0,22651.0,0.0,22489.0
Concorde Career College-North Hollywood,North Hollywood,3,2,0.0,20154.0,0.0,0.0,0.0,22175.0,0.0,21496.0,0.0,21254.0,0.0,0,0.0,19307.0,0.0,18867.0
Ventura College,Ventura,1,4,874.0,0.0,5757.0,5757.0,3433.0,0.0,1534.0,0.0,282.0,0.0,0.0,0,104.0,0.0,0.0,0.0
The Santa Barbara and Ventura Colleges of Law at Ventura,Ventura,0,18,0.0,0.0,0.0,0.0,0.0,0.0,0.0,0.0,0.0,0.0,0.0,0,0.0,0.0,0.0,0.0
Bridges Beauty College,Victorville,-2,-2,0.0,15830.0,0.0,0.0,0.0,0.0,0.0,15830.0,0.0,15830.0,0.0,0,0.0,15830.0,0.0,15830.0
Victor Valley College,Victorville,1,4,9987.0,0.0,14739.0,14739.0,12208.0,0.0,10807.0,0.0,9647.0,0.0,0.0,0,9459.0,0.0,9404.0,0.0
Berkeley City College,Berkeley,1,3,11301.0,0.0,16105.0,16105.0,14263.0,0.0,13082.0,0.0,10719.0,0.0,0.0,0,10260.0,0.0,10194.0,0.0
Walden University,Minneapolis,5,15,0.0,18325.0,0.0,0.0,0.0,0.0,0.0,18325.0,0.0,18325.0,0.0,0,0.0,18325.0,0.0,0.0
Waynes College of Beauty,Salinas,-2,-2,0.0,17715.0,0.0,0.0,0.0,22207.0,0.0,18376.0,0.0,17610.0,0.0,0,0.0,17394.0,0.0,17274.0
West Hills College-Coalinga,Coalinga,1,2,10033.0,0.0,14594.0,14594.0,12345.0,0.0,10914.0,0.0,9483.0,0.0,0.0,0,9235.0,0.0,9125.0,0.0
West Los Angeles College,Culver City,5,12,8110.0,0.0,14229.0,14229.0,11394.0,0.0,9735.0,0.0,9101.0,0.0,0.0,0,7738.0,0.0,7260.0,0.0
West Valley College,Saratoga,1,3,2616.0,0.0,10810.0,10810.0,5399.0,0.0,3320.0,0.0,1394.0,0.0,0.0,0,1806.0,0.0,1967.0,0.0
Carrington College-Sacramento,Sacramento,4,2,0.0,36309.0,0.0,0.0,0.0,37072.0,0.0,37011.0,0.0,36979.0,0.0,0,0.0,36058.0,0.0,35854.0
Westminster Theological Seminary in California,Escondido,0,18,0.0,0.0,0.0,0.0,0.0,0.0,0.0,0.0,0.0,0.0,0.0,0,0.0,0.0,0.0,0.0
Westmont College,Santa Barbara,12,11,0.0,31438.0,0.0,0.0,0.0,26515.0,0.0,24673.0,0.0,20857.0,0.0,0,0.0,23474.0,0.0,27137.0
Whittier College,Whittier,12,11,0.0,19774.0,0.0,0.0,0.0,15584.0,0.0,14638.0,0.0,13280.0,0.0,0,0.0,13866.0,0.0,14301.0
Woodbury University,Burbank,13,9,0.0,30117.0,0.0,0.0,0.0,31731.0,0.0,27092.0,0.0,24091.0,0.0,0,0.0,24527.0,0.0,24801.0
The Wright Institute,Berkeley,0,18,0.0,0.0,0.0,0.0,0.0,0.0,0.0,0.0,0.0,0.0,0.0,0,0.0,0.0,0.0,0.0
Thomas Jefferson School of Law,San Diego,0,18,0.0,0.0,0.0,0.0,0.0,0.0,0.0,0.0,0.0,0.0,0.0,0,0.0,0.0,0.0,0.0
Yeshiva Ohr Elchonon Chabad West Coast Talmudical Seminary,Los Angeles,12,8,0.0,14987.0,0.0,0.0,0.0,14153.0,0.0,14493.0,0.0,15097.0,0.0,0,0.0,15021.0,0.0,14975.0
Yuba College,Marysville,1,3,2906.0,0.0,5849.0,5849.0,7406.0,0.0,4981.0,0.0,4375.0,0.0,0.0,0,2840.0,0.0,2800.0,0.0
The Salon Professional Academy-Grand Junction,Grand Junction,-2,-2,0.0,14445.0,0.0,0.0,0.0,16827.0,0.0,14787.0,0.0,13766.0,0.0,0,0.0,13347.0,0.0,13180.0
Adams State University,Alamosa,7,10,14305.0,0.0,18980.0,19900.0,14112.0,0.0,13104.0,0.0,11978.0,0.0,20621.0,0,11129.0,0.0,10769.0,0.0
Aims Community College,Greeley,1,3,9679.0,0.0,13633.0,13846.0,11005.0,0.0,10210.0,0.0,9737.0,0.0,14059.0,0,9029.0,0.0,8697.0,0.0
Arapahoe Community College,Littleton,1,4,11682.0,0.0,15346.0,15845.0,12176.0,0.0,10569.0,0.0,7892.0,0.0,16129.0,0,7988.0,0.0,8024.0,0.0
Bel-Rea Institute of Animal Technology,Denver,4,1,0.0,23439.0,0.0,0.0,0.0,24628.0,0.0,23822.0,0.0,23016.0,0.0,0,0.0,21955.0,0.0,21558.0
University of Colorado Denver/Anschutz Medical Campus,Denver,9,15,13322.0,0.0,20018.0,21333.0,14032.0,0.0,11803.0,0.0,9701.0,0.0,22082.0,0,8911.0,0.0,8376.0,0.0
University of Colorado Colorado Springs,Colorado Springs,7,12,14633.0,0.0,18515.0,19614.0,13872.0,0.0,12275.0,0.0,10541.0,0.0,20336.0,0,10891.0,0.0,11128.0,0.0
Spartan College of Aeronautics and Technology,Broomfield,4,1,0.0,22590.0,0.0,0.0,0.0,19853.0,0.0,18861.0,0.0,17869.0,0.0,0,0.0,22911.0,0.0,23584.0
University of Colorado Boulder,Boulder,14,16,21771.0,0.0,25611.0,28292.0,18334.0,0.0,16893.0,0.0,15194.0,0.0,29352.0,0,14416.0,0.0,13807.0,0.0
Colorado Christian University,Lakewood,5,12,0.0,25681.0,0.0,0.0,0.0,21688.0,0.0,22538.0,0.0,24059.0,0.0,0,0.0,23438.0,0.0,22965.0
Colorado College,Colorado Springs,14,11,0.0,26705.0,0.0,0.0,0.0,17057.0,0.0,15027.0,0.0,12489.0,0.0,0,0.0,10969.0,0.0,10023.0
Concorde Career College-Aurora,Aurora,4,1,0.0,18633.0,0.0,0.0,0.0,20102.0,0.0,19427.0,0.0,18667.0,0.0,0,0.0,17958.0,0.0,17778.0
Colorado Mountain College,Glenwood Springs,5,9,6002.0,0.0,8572.0,10855.0,4213.0,0.0,4661.0,0.0,5286.0,0.0,11616.0,0,3298.0,0.0,2657.0,0.0
Colorado Northwestern Community College,Rangely,2,2,11530.0,0.0,18154.0,18355.0,12002.0,0.0,11098.0,0.0,10080.0,0.0,18657.0,0,8235.0,0.0,7181.0,0.0
Colorado School of Mines,Golden,14,13,25211.0,0.0,17784.0,27059.0,16812.0,0.0,16383.0,0.0,15701.0,0.0,28661.0,0,16878.0,0.0,18417.0,0.0
Colorado School of Trades,Lakewood,4,1,0.0,23142.0,0.0,0.0,0.0,0.0,0.0,0.0,0.0,0.0,0.0,0,0.0,23142.0,0.0,23142.0
Colorado State University-Fort Collins,Fort Collins,12,16,19016.0,0.0,21820.0,25494.0,15217.0,0.0,13795.0,0.0,12221.0,0.0,26972.0,0,11942.0,0.0,11713.0,0.0
Colorado Technical University-Colorado Springs,Colorado Springs,7,15,0.0,17576.0,0.0,0.0,0.0,18964.0,0.0,18332.0,0.0,17878.0,0.0,0,0.0,17338.0,0.0,17285.0
Community College of Aurora,Aurora,1,3,8825.0,0.0,12615.0,14504.0,10574.0,0.0,8799.0,0.0,7025.0,0.0,16275.0,0,6328.0,0.0,6051.0,0.0
Technical College of the Rockies,Delta,-2,-2,0.0,0.0,0.0,0.0,0.0,0.0,0.0,0.0,0.0,0.0,0.0,0,0.0,0.0,0.0,0.0
Community College of Denver,Denver,5,12,11381.0,0.0,14964.0,15968.0,13267.0,0.0,12010.0,0.0,11172.0,0.0,17222.0,0,10650.0,0.0,10456.0,0.0
Lincoln College of Technology-Denver,Denver,4,2,0.0,38199.0,0.0,0.0,0.0,39255.0,0.0,38711.0,0.0,38110.0,0.0,0,0.0,37331.0,0.0,37046.0
Denver Seminary,Littleton,0,18,0.0,0.0,0.0,0.0,0.0,0.0,0.0,0.0,0.0,0.0,0.0,0,0.0,0.0,0.0,0.0
University of Denver,Denver,14,16,0.0,32618.0,0.0,0.0,0.0,25017.0,0.0,22642.0,0.0,19490.0,0.0,0,0.0,20151.0,0.0,20488.0
Emily Griffith Technical College,Denver,-2,-2,5576.0,0.0,0.0,0.0,6146.0,0.0,6144.0,0.0,6144.0,0.0,0.0,0,5562.0,0.0,5473.0,0.0
Fort Lewis College,Durango,11,13,14925.0,0.0,17583.0,18557.0,14487.0,0.0,13959.0,0.0,13458.0,0.0,19687.0,0,12730.0,0.0,12069.0,0.0
Front Range Community College,Westminster,1,4,10987.0,0.0,15987.0,16433.0,11485.0,0.0,10339.0,0.0,9215.0,0.0,16811.0,0,8598.0,0.0,8279.0,0.0
Iliff School of Theology,Denver,0,18,0.0,0.0,0.0,0.0,0.0,0.0,0.0,0.0,0.0,0.0,0.0,0,0.0,0.0,0.0,0.0
International Salon and Spa Academy,Colorado Springs,-2,-2,0.0,18882.0,0.0,0.0,0.0,0.0,0.0,0.0,0.0,0.0,0.0,0,0.0,16694.0,0.0,16694.0
Lamar Community College,Lamar,2,1,10357.0,0.0,13845.0,15381.0,12526.0,0.0,10612.0,0.0,8959.0,0.0,16661.0,0,8570.0,0.0,8304.0,0.0
Colorado Mesa University,Grand Junction,12,13,15898.0,0.0,18618.0,19625.0,15258.0,0.0,14549.0,0.0,13761.0,0.0,20122.0,0,13023.0,0.0,12638.0,0.0
Metropolitan State University of Denver,Denver,7,15,13806.0,0.0,16749.0,17802.0,14567.0,0.0,13488.0,0.0,12721.0,0.0,19569.0,0,13039.0,0.0,13223.0,0.0
Morgan Community College,Fort  Morgan,1,2,8770.0,0.0,13460.0,13662.0,9901.0,0.0,8893.0,0.0,7884.0,0.0,14874.0,0,7238.0,0.0,6947.0,0.0
Naropa University,Boulder,11,7,0.0,29924.0,0.0,0.0,0.0,33050.0,0.0,27127.0,0.0,22389.0,0.0,0,0.0,20583.0,0.0,19293.0
Nazarene Bible College,Colorado Springs,5,6,0.0,0.0,0.0,0.0,0.0,0.0,0.0,0.0,0.0,0.0,0.0,0,0.0,0.0,0.0,0.0
Northeastern Junior College,Sterling,2,2,12234.0,0.0,15912.0,16687.0,14101.0,0.0,11939.0,0.0,10366.0,0.0,17204.0,0,9679.0,0.0,9319.0,0.0
University of Northern Colorado,Greeley,11,13,16075.0,0.0,17247.0,19416.0,14062.0,0.0,13403.0,0.0,12561.0,0.0,20511.0,0,12744.0,0.0,12876.0,0.0
Otero College,La Junta,2,2,11980.0,0.0,15842.0,16656.0,11330.0,0.0,11084.0,0.0,10869.0,0.0,18283.0,0,11126.0,0.0,11231.0,0.0
Pikes Peak State College,Colorado Springs,5,12,10088.0,0.0,16172.0,16646.0,11211.0,0.0,9948.0,0.0,9145.0,0.0,17189.0,0,8493.0,0.0,8166.0,0.0
Pueblo Community College,Pueblo,5,9,11795.0,0.0,17691.0,18167.0,13646.0,0.0,12389.0,0.0,11578.0,0.0,18856.0,0,10421.0,0.0,10055.0,0.0
Red Rocks Community College,Lakewood,5,9,10822.0,0.0,15835.0,16512.0,13167.0,0.0,10302.0,0.0,9168.0,0.0,17278.0,0,8995.0,0.0,8886.0,0.0
Regis University,Denver,8,13,0.0,23916.0,0.0,0.0,0.0,21510.0,0.0,20958.0,0.0,20203.0,0.0,0,0.0,19500.0,0.0,18978.0
Rocky Mountain College of Art and Design,Lakewood,5,9,0.0,24132.0,0.0,0.0,0.0,24304.0,0.0,24097.0,0.0,23839.0,0.0,0,0.0,21717.0,0.0,20979.0
Montessori Education Center of the Rockies,Denver,-2,-2,0.0,13835.0,0.0,0.0,0.0,0.0,0.0,0.0,0.0,0.0,0.0,0,0.0,13835.0,0.0,13835.0
Colorado State University Pueblo,Pueblo,11,13,13999.0,0.0,18168.0,18723.0,14603.0,0.0,13076.0,0.0,11947.0,0.0,19266.0,0,11271.0,0.0,10777.0,0.0
Pickens Technical College,Aurora,-2,-2,7322.0,0.0,0.0,0.0,8391.0,0.0,6823.0,0.0,6038.0,0.0,0.0,0,7262.0,0.0,7417.0,0.0
Intellitec College-Colorado Springs,Colorado Springs,4,2,0.0,21119.0,0.0,0.0,0.0,22423.0,0.0,22060.0,0.0,21806.0,0.0,0,0.0,20956.0,0.0,20772.0
Intellitec College-Grand Junction,Grand Junction,4,2,0.0,17723.0,0.0,0.0,0.0,17977.0,0.0,17904.0,0.0,17766.0,0.0,0,0.0,17596.0,0.0,17535.0
Trinidad State College,Trinidad,2,2,11909.0,0.0,15438.0,16634.0,13392.0,0.0,11680.0,0.0,10786.0,0.0,18429.0,0,10827.0,0.0,10861.0,0.0
United States Air Force Academy,USAF Academy,14,14,0.0,0.0,0.0,0.0,0.0,0.0,0.0,0.0,0.0,0.0,0.0,0,0.0,0.0,0.0,0.0
Empire Beauty School-Thornton,Thornton,-2,-2,0.0,15708.0,0.0,0.0,0.0,16949.0,0.0,15141.0,0.0,14940.0,0.0,0,0.0,15509.0,0.0,15742.0
Western Colorado University,Gunnison,12,11,17437.0,0.0,18893.0,20440.0,17772.0,0.0,15896.0,0.0,13037.0,0.0,21338.0,0,12313.0,0.0,11976.0,0.0
Albertus Magnus College,New Haven,11,10,0.0,28927.0,0.0,0.0,0.0,28964.0,0.0,27678.0,0.0,26567.0,0.0,0,0.0,26375.0,0.0,26294.0
Asnuntuck Community College,Enfield,1,2,9223.0,0.0,12959.0,12119.0,10347.0,0.0,9631.0,0.0,8658.0,0.0,11398.0,0,8170.0,0.0,8007.0,0.0
Bais Binyomin Academy,Monsey,-2,-2,0.0,20140.0,0.0,0.0,0.0,19511.0,0.0,19511.0,0.0,0.0,0.0,0,0.0,19288.0,0.0,19288.0
University of Bridgeport,Bridgeport,7,13,0.0,24416.0,0.0,0.0,0.0,24473.0,0.0,23767.0,0.0,23253.0,0.0,0,0.0,23067.0,0.0,22983.0
Central Connecticut State University,New Britain,11,13,13434.0,0.0,14895.0,16491.0,12155.0,0.0,11590.0,0.0,10941.0,0.0,17513.0,0,10456.0,0.0,10095.0,0.0
Charter Oak State College,New Britain,5,6,13836.0,0.0,16702.0,16702.0,16702.0,0.0,11848.0,0.0,9420.0,0.0,16702.0,0,10971.0,0.0,14072.0,0.0
Cortiva Institute,Cromwell,-2,-2,0.0,25886.0,0.0,0.0,0.0,0.0,0.0,27415.0,0.0,27415.0,0.0,0,0.0,25325.0,0.0,24755.0
Connecticut College,New London,14,11,0.0,31814.0,0.0,0.0,0.0,20255.0,0.0,18837.0,0.0,16283.0,0.0,0,0.0,18628.0,0.0,19605.0
Porter & Chester Institute of Hamden,Hamden,-2,-2,0.0,22612.0,0.0,0.0,0.0,24688.0,0.0,23784.0,0.0,22879.0,0.0,0,0.0,21906.0,0.0,21781.0
University of Connecticut,Storrs,14,17,21724.0,0.0,26188.0,28966.0,20925.0,0.0,17801.0,0.0,15226.0,0.0,29840.0,0,14296.0,0.0,13586.0,0.0
Goodwin University,East Hartford,5,9,0.0,23337.0,0.0,0.0,0.0,23889.0,0.0,25227.0,0.0,26030.0,0.0,0,0.0,23297.0,0.0,22993.0
Lincoln Technical Institute-East Windsor,East Windsor,-2,-2,0.0,32507.0,0.0,0.0,0.0,35003.0,0.0,33209.0,0.0,31775.0,0.0,0,0.0,30331.0,0.0,29893.0
Eastern Connecticut State University,Willimantic,13,14,18292.0,0.0,20106.0,20959.0,17044.0,0.0,15946.0,0.0,14317.0,0.0,21349.0,0,14692.0,0.0,14933.0,0.0
Fairfield University,Fairfield,14,14,0.0,43569.0,0.0,0.0,0.0,30683.0,0.0,29585.0,0.0,27835.0,0.0,0,0.0,29888.0,0.0,31018.0
Paul Mitchell the School-North Haven,North Haven,-2,-2,0.0,21370.0,0.0,0.0,0.0,0.0,0.0,0.0,0.0,0.0,0.0,0,0.0,21370.0,0.0,21370.0
Capital Community College,Hartford,1,2,8145.0,0.0,11685.0,11685.0,9142.0,0.0,8606.0,0.0,8070.0,0.0,0.0,0,7803.0,0.0,7719.0,0.0
Rensselaer at Hartford,Hartford,0,18,0.0,0.0,0.0,0.0,0.0,0.0,0.0,0.0,0.0,0.0,0.0,0,0.0,0.0,0.0,0.0
American Institute-West Hartford,West Hartford,-2,-2,0.0,19689.0,0.0,0.0,0.0,21008.0,0.0,19759.0,0.0,19312.0,0.0,0,0.0,19390.0,0.0,19410.0
Hartford International University for Religion and Peace,Hartford,0,18,0.0,0.0,0.0,0.0,0.0,0.0,0.0,0.0,0.0,0.0,0.0,0,0.0,0.0,0.0,0.0
University of Hartford,West Hartford,12,14,0.0,29932.0,0.0,0.0,0.0,27772.0,0.0,26658.0,0.0,25287.0,0.0,0,0.0,25494.0,0.0,25636.0
Holy Apostles College and Seminary,Cromwell,5,6,0.0,16060.0,0.0,0.0,0.0,16060.0,0.0,16060.0,0.0,0.0,0.0,0,0.0,0.0,0.0,0.0
Housatonic Community College,Bridgeport,1,3,6800.0,0.0,7965.0,8507.0,7602.0,0.0,7063.0,0.0,6573.0,0.0,9412.0,0,6489.0,0.0,6458.0,0.0
Manchester Community College,Manchester,1,3,6496.0,0.0,7437.0,7437.0,7677.0,0.0,6976.0,0.0,6353.0,0.0,0.0,0,6074.0,0.0,5901.0,0.0
Naugatuck Valley Community College,Waterbury,1,3,6743.0,0.0,8614.0,8711.0,7465.0,0.0,7046.0,0.0,6785.0,0.0,8961.0,0,6508.0,0.0,6383.0,0.0
Middlesex Community College,Middletown,1,2,3013.0,0.0,2462.0,4259.0,3207.0,0.0,3025.0,0.0,2849.0,0.0,6954.0,0,2898.0,0.0,2922.0,0.0
Mitchell College,New London,13,8,0.0,25139.0,0.0,0.0,0.0,22846.0,0.0,22732.0,0.0,22560.0,0.0,0,0.0,22350.0,0.0,22269.0
Three Rivers Community College,Norwich,1,2,6920.0,0.0,8612.0,8612.0,8014.0,0.0,7692.0,0.0,7184.0,0.0,0.0,0,6365.0,0.0,6088.0,0.0
Lincoln Technical Institute-New Britain,New Britain,-2,-2,0.0,32607.0,0.0,0.0,0.0,32434.0,0.0,32684.0,0.0,32792.0,0.0,0,0.0,32311.0,0.0,32157.0
New England Tractor Trailer Training School of Connecticut,Somers,-2,-2,0.0,14465.0,0.0,0.0,0.0,15244.0,0.0,14660.0,0.0,14529.0,0.0,0,0.0,14416.0,0.0,14377.0
University of New Haven,West Haven,12,14,0.0,33109.0,0.0,0.0,0.0,30871.0,0.0,29632.0,0.0,27983.0,0.0,0,0.0,27615.0,0.0,27400.0
Norwalk Community College,Norwalk,1,3,6443.0,0.0,6262.0,6622.0,7256.0,0.0,6722.0,0.0,6312.0,0.0,8425.0,0,6221.0,0.0,6174.0,0.0
Northwestern Connecticut Community College,Winsted,1,2,6438.0,0.0,7724.0,7724.0,6601.0,0.0,6652.0,0.0,6691.0,0.0,0.0,0,6275.0,0.0,6041.0,0.0
Paier College,Bridgeport,5,6,0.0,19699.0,0.0,0.0,0.0,21530.0,0.0,21006.0,0.0,20482.0,0.0,0,0.0,18072.0,0.0,17269.0
Porter & Chester Institute,Bridgeport,-2,-2,0.0,24416.0,0.0,0.0,0.0,25836.0,0.0,24331.0,0.0,23602.0,0.0,0,0.0,23404.0,0.0,23357.0
Post University,Waterbury,5,12,0.0,22820.0,0.0,0.0,0.0,22264.0,0.0,21898.0,0.0,21543.0,0.0,0,0.0,22568.0,0.0,22706.0
Quinebaug Valley Community College,Danielson,2,2,6799.0,0.0,7065.0,7065.0,7535.0,0.0,7180.0,0.0,6542.0,0.0,0.0,0,6498.0,0.0,6486.0,0.0
Quinnipiac University,Hamden,10,14,0.0,36964.0,0.0,0.0,0.0,31882.0,0.0,31232.0,0.0,30318.0,0.0,0,0.0,30168.0,0.0,30052.0
Sacred Heart University,Fairfield,12,14,0.0,43871.0,0.0,0.0,0.0,41854.0,0.0,40479.0,0.0,38263.0,0.0,0,0.0,36827.0,0.0,35846.0
University of Saint Joseph,West Hartford,11,10,0.0,25776.0,0.0,0.0,0.0,28082.0,0.0,26265.0,0.0,23358.0,0.0,0,0.0,21832.0,0.0,21094.0
Gateway Community College,New Haven,1,3,7668.0,0.0,8725.0,9477.0,8806.0,0.0,8238.0,0.0,7702.0,0.0,11171.0,0,7237.0,0.0,7068.0,0.0
Southern Connecticut State University,New Haven,13,13,18231.0,0.0,20488.0,21551.0,17580.0,0.0,16779.0,0.0,15874.0,0.0,22227.0,0,15822.0,0.0,15792.0,0.0
Stone Academy-West Haven,West Haven,-2,-2,0.0,17861.0,0.0,0.0,0.0,19313.0,0.0,18337.0,0.0,18044.0,0.0,0,0.0,17306.0,0.0,16985.0
Trinity College,Hartford,14,11,0.0,32036.0,0.0,0.0,0.0,14246.0,0.0,12975.0,0.0,10965.0,0.0,0,0.0,9667.0,0.0,8252.0
Tunxis Community College,Farmington,1,3,8091.0,0.0,9167.0,9521.0,8659.0,0.0,8389.0,0.0,8114.0,0.0,10583.0,0,7810.0,0.0,7665.0,0.0
United States Coast Guard Academy,New London,14,11,0.0,0.0,0.0,0.0,0.0,0.0,0.0,0.0,0.0,0.0,0.0,0,0.0,0.0,0.0,0.0
Wesleyan University,Middletown,14,11,0.0,26080.0,0.0,0.0,0.0,10298.0,0.0,7862.0,0.0,4800.0,0.0,0,0.0,4613.0,0.0,4449.0
Western Connecticut State University,Danbury,11,13,16154.0,0.0,16848.0,18648.0,15086.0,0.0,14664.0,0.0,14158.0,0.0,19591.0,0,13661.0,0.0,13374.0,0.0
Yale University,New Haven,14,17,0.0,16341.0,0.0,0.0,0.0,3957.0,0.0,4560.0,0.0,5177.0,0.0,0,0.0,4089.0,0.0,1717.0
Margaret H Rollins School of Nursing at Beebe Medical Center,Lewes,-2,-2,0.0,0.0,0.0,0.0,0.0,0.0,0.0,0.0,0.0,0.0,0.0,0,0.0,0.0,0.0,0.0
Dawn Career Institute LLC,Newark,-2,-2,0.0,13677.0,0.0,0.0,0.0,14861.0,0.0,14871.0,0.0,14877.0,0.0,0,0.0,13505.0,0.0,13446.0
Delaware Technical Community College-Terry,Dover,5,12,8593.0,0.0,10650.0,10954.0,9332.0,0.0,8894.0,0.0,8522.0,0.0,11404.0,0,8110.0,0.0,7932.0,0.0
Delaware State University,Dover,10,14,11626.0,0.0,12769.0,13339.0,12629.0,0.0,11483.0,0.0,10571.0,0.0,13852.0,0,10721.0,0.0,10809.0,0.0
University of Delaware,Newark,14,16,18313.0,0.0,20537.0,22372.0,16896.0,0.0,15728.0,0.0,14319.0,0.0,23192.0,0,13829.0,0.0,13485.0,0.0
Goldey-Beacom College,Wilmington,13,7,0.0,13206.0,0.0,0.0,0.0,14831.0,0.0,13658.0,0.0,12670.0,0.0,0,0.0,11564.0,0.0,10839.0
Schilling-Douglas School of Hair Design LLC,Newark,-2,-2,0.0,18262.0,0.0,0.0,0.0,17402.0,0.0,18059.0,0.0,18498.0,0.0,0,0.0,18071.0,0.0,17965.0
Wilmington University,New Castle,5,12,0.0,14796.0,0.0,0.0,0.0,14576.0,0.0,16273.0,0.0,17122.0,0.0,0,0.0,14710.0,0.0,14582.0
American University,Washington,14,17,0.0,28037.0,0.0,0.0,0.0,15197.0,0.0,13750.0,0.0,11743.0,0.0,0,0.0,11136.0,0.0,10818.0
The Catholic University of America,Washington,10,14,0.0,33452.0,0.0,0.0,0.0,26915.0,0.0,26556.0,0.0,25854.0,0.0,0,0.0,24807.0,0.0,24241.0
University of the District of Columbia,Washington,5,9,16276.0,0.0,20889.0,21147.0,19268.0,0.0,17593.0,0.0,16196.0,0.0,21405.0,0,14900.0,0.0,14434.0,0.0
Pontifical Faculty of the Immaculate Conception at the Dominican House of Studies,Washington,0,18,0.0,0.0,0.0,0.0,0.0,0.0,0.0,0.0,0.0,0.0,0.0,0,0.0,0.0,0.0,0.0
Gallaudet University,Washington,11,11,0.0,22616.0,0.0,0.0,0.0,19800.0,0.0,21837.0,0.0,22128.0,0.0,0,0.0,22001.0,0.0,21956.0
George Washington University,Washington,15,17,0.0,26272.0,0.0,0.0,0.0,18853.0,0.0,15898.0,0.0,12510.0,0.0,0,0.0,12871.0,0.0,13139.0
Georgetown University,Washington,14,17,0.0,24570.0,0.0,0.0,0.0,10579.0,0.0,7393.0,0.0,3182.0,0.0,0,0.0,1900.0,0.0,596.0
Howard University,Washington,12,17,0.0,45837.0,0.0,0.0,0.0,46678.0,0.0,45356.0,0.0,44107.0,0.0,0,0.0,43184.0,0.0,42609.0
Strayer University-District of Columbia,Washington,5,6,0.0,0.0,0.0,0.0,0.0,0.0,0.0,0.0,0.0,0.0,0.0,0,0.0,0.0,0.0,0.0
National Conservatory of Dramatic Arts,Washington,-2,-2,0.0,28359.0,0.0,0.0,0.0,0.0,0.0,0.0,0.0,0.0,0.0,0,0.0,28359.0,0.0,28359.0
Trinity Washington University,Washington,7,9,0.0,11693.0,0.0,0.0,0.0,11679.0,0.0,11406.0,0.0,11224.0,0.0,0,0.0,10740.0,0.0,10548.0
Wesley Theological Seminary,Washington,0,18,0.0,0.0,0.0,0.0,0.0,0.0,0.0,0.0,0.0,0.0,0.0,0,0.0,0.0,0.0,0.0
Atlantic Technical College,Coconut Creek,-2,-2,11309.0,0.0,0.0,0.0,11763.0,0.0,10806.0,0.0,10669.0,0.0,0.0,0,11298.0,0.0,11427.0,0.0
The Baptist College of Florida,Graceville,7,7,0.0,7641.0,0.0,0.0,0.0,7307.0,0.0,9849.0,0.0,11543.0,0.0,0,0.0,7688.0,0.0,6637.0
Barry University,Miami,13,13,0.0,16942.0,0.0,0.0,0.0,17848.0,0.0,16441.0,0.0,15400.0,0.0,0,0.0,15688.0,0.0,15787.0
Bethune-Cookman University,Daytona Beach,10,11,0.0,11854.0,0.0,0.0,0.0,13529.0,0.0,12102.0,0.0,11311.0,0.0,0,0.0,11083.0,0.0,10985.0
Lynn University,Boca Raton,12,11,0.0,35705.0,0.0,0.0,0.0,35206.0,0.0,34413.0,0.0,33383.0,0.0,0,0.0,33139.0,0.0,33031.0
North Florida Technical College,Starke,-2,-2,3882.0,0.0,0.0,0.0,0.0,0.0,6607.0,0.0,6607.0,0.0,0.0,0,3882.0,0.0,2974.0,0.0
Eastern Florida State College,Melbourne,5,12,4668.0,0.0,9041.0,9440.0,7080.0,0.0,5610.0,0.0,4057.0,0.0,9869.0,0,3344.0,0.0,3120.0,0.0
Broward College,Fort Lauderdale,5,15,14577.0,0.0,19759.0,19968.0,17092.0,0.0,15408.0,0.0,14500.0,0.0,20585.0,0,13811.0,0.0,13546.0,0.0
Albizu University-Miami,Miami,9,6,0.0,23634.0,0.0,0.0,0.0,0.0,0.0,16977.0,0.0,16977.0,0.0,0,0.0,23634.0,0.0,24584.0
College of Central Florida,Ocala,5,12,9634.0,0.0,14122.0,14266.0,11337.0,0.0,10050.0,0.0,9196.0,0.0,14543.0,0,8727.0,0.0,8526.0,0.0
Johnson University Florida,Kissimmee,11,8,0.0,18041.0,0.0,0.0,0.0,20825.0,0.0,19287.0,0.0,17557.0,0.0,0,0.0,16784.0,0.0,16372.0
University of Central Florida,Orlando,9,15,9217.0,0.0,14265.0,15151.0,10032.0,0.0,8381.0,0.0,7073.0,0.0,15761.0,0,6178.0,0.0,5517.0,0.0
Charlotte Technical College,Port Charlotte,-2,-2,11610.0,0.0,14147.0,14147.0,12779.0,0.0,11944.0,0.0,11527.0,0.0,0.0,0,11525.0,0.0,11525.0,0.0
Chipola College,Marianna,5,6,2042.0,0.0,4371.0,4371.0,4523.0,0.0,3423.0,0.0,2475.0,0.0,0.0,0,1369.0,0.0,911.0,0.0
Lorenzo Walker Technical College,Naples,-2,-2,7970.0,0.0,0.0,0.0,8954.0,0.0,8039.0,0.0,7908.0,0.0,0.0,0,7904.0,0.0,7901.0,0.0
Daytona State College,Daytona Beach,5,12,8867.0,0.0,12542.0,12728.0,11176.0,0.0,9140.0,0.0,7722.0,0.0,12982.0,0,7847.0,0.0,7897.0,0.0
South University-West Palm Beach,Royal Palm Beach,7,6,0.0,17495.0,0.0,0.0,0.0,0.0,0.0,0.0,0.0,0.0,0.0,0,0.0,17495.0,0.0,17495.0
Eckerd College,Saint Petersburg,12,11,0.0,35367.0,0.0,0.0,0.0,32563.0,0.0,30644.0,0.0,28414.0,0.0,0,0.0,28071.0,0.0,27782.0
Florida SouthWestern State College,Fort Myers,5,12,8547.0,0.0,13478.0,13714.0,10713.0,0.0,9036.0,0.0,8171.0,0.0,14074.0,0,7555.0,0.0,7244.0,0.0
Edward Waters University,Jacksonville,10,8,0.0,13330.0,0.0,0.0,0.0,14509.0,0.0,13656.0,0.0,13197.0,0.0,0,0.0,13000.0,0.0,12945.0
Embry-Riddle Aeronautical University-Daytona Beach,Daytona Beach,12,13,0.0,35156.0,0.0,0.0,0.0,34633.0,0.0,32581.0,0.0,30358.0,0.0,0,0.0,30766.0,0.0,31074.0
Florida Agricultural and Mechanical University,Tallahassee,13,13,12479.0,0.0,17233.0,17759.0,14672.0,0.0,12381.0,0.0,10385.0,0.0,18198.0,0,9170.0,0.0,8409.0,0.0
Florida Atlantic University,Boca Raton,9,15,7990.0,0.0,14049.0,14483.0,10001.0,0.0,7973.0,0.0,6413.0,0.0,14828.0,0,4769.0,0.0,3877.0,0.0
Florida State College at Jacksonville,Jacksonville,5,15,3296.0,0.0,8083.0,8470.0,6102.0,0.0,4217.0,0.0,2927.0,0.0,8949.0,0,1526.0,0.0,875.0,0.0
Flagler College,Saint Augustine,13,10,0.0,23575.0,0.0,0.0,0.0,21691.0,0.0,20726.0,0.0,19246.0,0.0,0,0.0,18285.0,0.0,17805.0
Florida College,Temple Terrace,10,8,0.0,20918.0,0.0,0.0,0.0,20929.0,0.0,19888.0,0.0,18563.0,0.0,0,0.0,15698.0,0.0,14265.0
Concorde Career Institute-Jacksonville,Jacksonville,4,2,0.0,27642.0,0.0,0.0,0.0,25309.0,0.0,26190.0,0.0,26591.0,0.0,0,0.0,27453.0,0.0,27678.0
Concorde Career Institute-Miramar,Miramar,4,1,0.0,22100.0,0.0,0.0,0.0,27707.0,0.0,23077.0,0.0,18447.0,0.0,0,0.0,21633.0,0.0,21923.0
Concorde Career Institute-Tampa,Tampa,4,1,0.0,21980.0,0.0,0.0,0.0,22320.0,0.0,22293.0,0.0,22273.0,0.0,0,0.0,21779.0,0.0,21707.0
AdventHealth University,Orlando,5,9,0.0,25760.0,0.0,0.0,0.0,28875.0,0.0,26251.0,0.0,25016.0,0.0,0,0.0,24065.0,0.0,23296.0
Florida Institute of Technology,Melbourne,13,14,0.0,31172.0,0.0,0.0,0.0,32008.0,0.0,29262.0,0.0,26382.0,0.0,0,0.0,26795.0,0.0,27009.0
Florida Institute of Ultrasound Inc,Pensacola,-2,-2,0.0,0.0,0.0,0.0,0.0,0.0,0.0,0.0,0.0,0.0,0.0,0,0.0,0.0,0.0,0.0
Florida International University,Miami,9,15,6232.0,0.0,11901.0,12446.0,8283.0,0.0,5842.0,0.0,4163.0,0.0,12755.0,0,3217.0,0.0,2688.0,0.0
The College of the Florida Keys,Key West,5,6,14378.0,0.0,18973.0,18973.0,15829.0,0.0,13928.0,0.0,13295.0,0.0,18973.0,0,13583.0,0.0,13698.0,0.0
Florida Memorial University,Miami Gardens,14,8,0.0,16861.0,0.0,0.0,0.0,18768.0,0.0,18492.0,0.0,18329.0,0.0,0,0.0,16017.0,0.0,15148.0
Florida Career College-Miami,Miami,4,2,0.0,34392.0,0.0,0.0,0.0,36304.0,0.0,34668.0,0.0,34055.0,0.0,0,0.0,34319.0,0.0,34349.0
Florida School of Massage,Gainesville,-2,-2,0.0,19765.0,0.0,0.0,0.0,0.0,0.0,22710.0,0.0,22710.0,0.0,0,0.0,19765.0,0.0,19497.0
Florida Southern College,Lakeland,12,14,0.0,25434.0,0.0,0.0,0.0,23062.0,0.0,21517.0,0.0,19559.0,0.0,0,0.0,20224.0,0.0,20795.0
Florida State University,Tallahassee,15,15,9561.0,0.0,14901.0,16006.0,10733.0,0.0,8606.0,0.0,6953.0,0.0,16511.0,0,6049.0,0.0,5438.0,0.0
University of Florida,Gainesville,15,16,3679.0,0.0,11831.0,13057.0,5590.0,0.0,3069.0,0.0,1385.0,0.0,13836.0,0,397.0,0.0,-208.0,0.0
Fort Pierce Beauty Academy,Fort Pierce,-2,-2,0.0,18634.0,0.0,0.0,0.0,0.0,0.0,0.0,0.0,0.0,0.0,0,0.0,18634.0,0.0,18634.0
Full Sail University,Winter Park,11,15,0.0,28559.0,0.0,0.0,0.0,27085.0,0.0,27522.0,0.0,27829.0,0.0,0,0.0,29229.0,0.0,29597.0
George Stone Technical College,Pensacola,-2,-2,9643.0,0.0,0.0,0.0,11752.0,0.0,10831.0,0.0,9911.0,0.0,0.0,0,9116.0,0.0,8851.0,0.0
George T Baker Aviation Technical College,Miami,-2,-2,5058.0,0.0,0.0,0.0,0.0,0.0,5768.0,0.0,5768.0,0.0,0.0,0,5058.0,0.0,3369.0,0.0
Gulf Coast State College,Panama City,5,9,3141.0,0.0,9336.0,9547.0,5795.0,0.0,4023.0,0.0,2794.0,0.0,11447.0,0,2275.0,0.0,2077.0,0.0
Key College,Fort Lauderdale,11,6,0.0,13091.0,0.0,0.0,0.0,0.0,0.0,15306.0,0.0,15306.0,0.0,0,0.0,13091.0,0.0,10876.0
Hillsborough Community College,Tampa,2,5,2871.0,0.0,0.0,0.0,5432.0,0.0,4510.0,0.0,4219.0,0.0,0.0,0,2862.0,0.0,2848.0,0.0
Hobe Sound Bible College,Hobe Sound,5,7,0.0,9773.0,0.0,0.0,0.0,8371.0,0.0,7881.0,0.0,7685.0,0.0,0,0.0,9531.0,0.0,10684.0
Hollywood Institute of Beauty Careers,Hollywood,-2,-2,0.0,14224.0,0.0,0.0,0.0,15805.0,0.0,14103.0,0.0,13890.0,0.0,0,0.0,14176.0,0.0,14267.0
Indian River State College,Fort Pierce,5,12,3966.0,0.0,8773.0,9335.0,6175.0,0.0,4394.0,0.0,3206.0,0.0,10415.0,0,2956.0,0.0,2836.0,0.0
International Academy,South Daytona,-2,-2,0.0,18689.0,0.0,0.0,0.0,20545.0,0.0,18510.0,0.0,17832.0,0.0,0,0.0,17847.0,0.0,17870.0
AI Miami International University of Art and Design,Miami,7,6,0.0,27186.0,0.0,0.0,0.0,28814.0,0.0,28194.0,0.0,28017.0,0.0,0,0.0,26605.0,0.0,26175.0
Jacksonville University,Jacksonville,11,14,0.0,24748.0,0.0,0.0,0.0,24240.0,0.0,21579.0,0.0,18884.0,0.0,0,0.0,20462.0,0.0,21645.0
Keiser University-Ft Lauderdale,Fort Lauderdale,6,15,0.0,36354.0,0.0,0.0,0.0,38525.0,0.0,36807.0,0.0,36023.0,0.0,0,0.0,35782.0,0.0,35716.0
La Belle Beauty School,Hialeah,-2,-2,0.0,13749.0,0.0,0.0,0.0,0.0,0.0,0.0,0.0,0.0,0.0,0,0.0,13749.0,0.0,13749.0
Florida Gateway College,Lake City,5,9,1494.0,0.0,6196.0,7223.0,3218.0,0.0,1358.0,0.0,51.0,0.0,8353.0,0,252.0,0.0,330.0,0.0
Lake Technical College,Eustis,-2,-2,11478.0,0.0,0.0,0.0,11101.0,0.0,11550.0,0.0,11850.0,0.0,0.0,0,11536.0,0.0,11442.0,0.0
Lake-Sumter State College,Leesburg,5,9,4611.0,0.0,8701.0,9289.0,6863.0,0.0,5039.0,0.0,3618.0,0.0,10104.0,0,3222.0,0.0,3028.0,0.0
Fort Myers Technical College,Fort Myers,-2,-2,7362.0,0.0,0.0,0.0,0.0,0.0,0.0,0.0,0.0,0.0,0.0,0,7362.0,0.0,7362.0,0.0
Lively Technical College,Tallahassee,-2,-2,12472.0,0.0,14220.0,14220.0,13318.0,0.0,13344.0,0.0,13354.0,0.0,0.0,0,12389.0,0.0,12255.0,0.0
Lindsey Hopkins Technical College,Miami,-2,-2,5237.0,0.0,0.0,0.0,0.0,0.0,0.0,0.0,0.0,0.0,0.0,0,5237.0,0.0,5237.0,0.0
Loraines Academy & Spa,Saint Petersburg,-2,-2,0.0,12447.0,0.0,0.0,0.0,0.0,0.0,13582.0,0.0,13582.0,0.0,0,0.0,12048.0,0.0,11280.0
Luther Rice College & Seminary,Lithonia,5,6,0.0,1392.0,0.0,0.0,0.0,0.0,0.0,0.0,0.0,0.0,0.0,0,0.0,1392.0,0.0,1392.0
State College of Florida-Manatee-Sarasota,Bradenton,5,12,11874.0,0.0,14975.0,14646.0,16487.0,0.0,16239.0,0.0,16150.0,0.0,14317.0,0,11832.0,0.0,11741.0,0.0
Manatee Technical College,Bradenton,-2,-2,3640.0,0.0,0.0,0.0,5949.0,0.0,4789.0,0.0,3220.0,0.0,0.0,0,2692.0,0.0,2462.0,0.0
Traviss Technical College,Lakeland,-2,-2,6128.0,0.0,0.0,0.0,0.0,0.0,0.0,0.0,0.0,0.0,0.0,0,6128.0,0.0,6128.0,0.0
Merryfield School of Pet Grooming,Oakland Park,-2,-2,0.0,13568.0,0.0,0.0,0.0,13797.0,0.0,14083.0,0.0,14305.0,0.0,0,0.0,13486.0,0.0,12784.0
Trinity International University-Florida,Miami,5,6,0.0,0.0,0.0,0.0,0.0,0.0,0.0,0.0,0.0,0.0,0.0,0,0.0,0.0,0.0,0.0
Miami Lakes Educational Center and Technical College,Miami Lakes,-2,-2,5193.0,0.0,7895.0,7895.0,7396.0,0.0,5536.0,0.0,5004.0,0.0,0.0,0,4885.0,0.0,4832.0,0.0
Miami Dade College,Miami,5,15,3732.0,0.0,7691.0,8024.0,5308.0,0.0,4476.0,0.0,4113.0,0.0,9739.0,0,3511.0,0.0,3313.0,0.0
University of Miami,Coral Gables,15,16,0.0,30742.0,0.0,0.0,0.0,19088.0,0.0,17500.0,0.0,14160.0,0.0,0,0.0,16314.0,0.0,19275.0
Orange Technical College-Mid Florida Campus,Orlando,-2,-2,9191.0,0.0,0.0,0.0,10120.0,0.0,9254.0,0.0,9130.0,0.0,0.0,0,9120.0,0.0,9107.0,0.0
Paul Mitchell the School-Jacksonville,Jacksonville,-2,-2,0.0,22809.0,0.0,0.0,0.0,24064.0,0.0,24064.0,0.0,0.0,0.0,0,0.0,21144.0,0.0,21144.0
North Florida College,Madison,5,6,2414.0,0.0,2646.0,2646.0,3788.0,0.0,2891.0,0.0,2378.0,0.0,0.0,0,2084.0,0.0,1878.0,0.0
University of North Florida,Jacksonville,9,15,7159.0,0.0,12567.0,12771.0,7772.0,0.0,6181.0,0.0,4827.0,0.0,12913.0,0,4211.0,0.0,3829.0,0.0
Nova Southeastern University,Fort Lauderdale,12,16,0.0,25737.0,0.0,0.0,0.0,26703.0,0.0,25545.0,0.0,24317.0,0.0,0,0.0,22630.0,0.0,21875.0
Northwest Florida State College,Niceville,5,9,6464.0,0.0,10841.0,11006.0,8300.0,0.0,6579.0,0.0,4563.0,0.0,11205.0,0,2944.0,0.0,2123.0,0.0
Orange Technical College,Orlando,-2,-2,9821.0,0.0,0.0,0.0,11227.0,0.0,10735.0,0.0,9506.0,0.0,0.0,0,9381.0,0.0,9363.0,0.0
Palm Beach Atlantic University,West Palm Beach,13,11,0.0,27597.0,0.0,0.0,0.0,26586.0,0.0,24869.0,0.0,23374.0,0.0,0,0.0,25165.0,0.0,26240.0
Palm Beach State College,Lake Worth,5,15,8999.0,0.0,14001.0,14233.0,11824.0,0.0,10230.0,0.0,9457.0,0.0,14740.0,0,8396.0,0.0,7993.0,0.0
Pasco-Hernando State College,New Port Richey,5,12,4793.0,0.0,8907.0,9143.0,6659.0,0.0,5295.0,0.0,3991.0,0.0,9395.0,0,3561.0,0.0,3403.0,0.0
Pensacola State College,Pensacola,5,12,2918.0,0.0,6728.0,7356.0,4639.0,0.0,3378.0,0.0,2430.0,0.0,7888.0,0,2007.0,0.0,1863.0,0.0
Pinellas Technical College-Clearwater,Clearwater,-2,-2,25090.0,0.0,0.0,0.0,0.0,0.0,0.0,0.0,0.0,0.0,0.0,0,25090.0,0.0,25090.0,0.0
Polk State College,Winter Haven,5,12,7994.0,0.0,7433.0,7699.0,8881.0,0.0,9234.0,0.0,9393.0,0.0,8364.0,0,7974.0,0.0,7796.0,0.0
Radford M Locklin Technical College,Milton,-2,-2,2729.0,0.0,0.0,0.0,3768.0,0.0,3901.0,0.0,3968.0,0.0,0.0,0,2555.0,0.0,1849.0,0.0
Saint Vincent de Paul Regional Seminary,Boynton Beach,0,18,0.0,0.0,0.0,0.0,0.0,0.0,0.0,0.0,0.0,0.0,0.0,0,0.0,0.0,0.0,0.0
Ridge Technical College,Winter Haven,-2,-2,22744.0,0.0,0.0,0.0,0.0,0.0,0.0,0.0,0.0,0.0,0.0,0,22744.0,0.0,22744.0,0.0
Ringling College of Art and Design,Sarasota,12,11,0.0,50747.0,0.0,0.0,0.0,50149.0,0.0,46540.0,0.0,42930.0,0.0,0,0.0,42574.0,0.0,42330.0
Robert Morgan Educational Center and Technical College,Miami,-2,-2,12458.0,0.0,0.0,0.0,13398.0,0.0,12813.0,0.0,12729.0,0.0,0.0,0,12420.0,0.0,12297.0,0.0
Rollins College,Winter Park,12,11,0.0,23885.0,0.0,0.0,0.0,22329.0,0.0,19014.0,0.0,14951.0,0.0,0,0.0,14884.0,0.0,14855.0
First Coast Technical College,Saint Augustine,-2,-2,19780.0,0.0,0.0,0.0,0.0,0.0,20331.0,0.0,20331.0,0.0,0.0,0,19780.0,0.0,19715.0,0.0
Saint Leo University,Saint Leo,9,12,0.0,17321.0,0.0,0.0,0.0,17624.0,0.0,17105.0,0.0,16646.0,0.0,0,0.0,15291.0,0.0,14671.0
St Petersburg College,St. Petersburg,5,15,2212.0,0.0,9812.0,10100.0,5473.0,0.0,3436.0,0.0,2050.0,0.0,10583.0,0,709.0,0.0,181.0,0.0
